layer,head,a_电脑,a_纸箱,b_电脑,b_纸箱,a_margin_c1_minus_c2,b_margin_c1_minus_c2,delta_margin
0,0,0.00994873046875,0.03271484375,0.00982666015625,0.032470703125,-0.02276611328125,-0.02264404296875,0.0001220703125
0,1,0.00933837890625,0.1376953125,0.0052490234375,0.14453125,-0.12835693359375,-0.1392822265625,-0.01092529296875
0,2,0.000301361083984375,0.00060272216796875,3.170967102050781e-05,0.0008697509765625,-0.000301361083984375,-0.0008380413055419922,-0.0005366802215576172
0,3,1.126900315284729e-07,2.253800630569458e-07,1.126900315284729e-07,2.253800630569458e-07,-1.126900315284729e-07,-1.126900315284729e-07,0.0
0,4,0.0089111328125,0.062255859375,0.00665283203125,0.068359375,-0.0533447265625,-0.06170654296875,-0.00836181640625
0,5,0.0106201171875,0.1767578125,0.004058837890625,0.09912109375,-0.1661376953125,-0.095062255859375,0.071075439453125
0,6,1.6450881958007812e-05,1.7642974853515625e-05,2.0265579223632812e-06,0.0002498626708984375,-1.1920928955078125e-06,-0.0002478361129760742,-0.0002466440200805664
0,7,0.0017852783203125,0.0037994384765625,0.000827789306640625,0.0004177093505859375,-0.00201416015625,0.0004100799560546875,0.0024242401123046875
0,8,9.59634780883789e-06,7.040798664093018e-07,2.3189932107925415e-07,5.587935447692871e-07,8.892267942428589e-06,-3.2689422369003296e-07,-9.219162166118622e-06
0,9,0.0128173828125,0.0201416015625,0.01214599609375,0.01904296875,-0.00732421875,-0.00689697265625,0.00042724609375
0,10,0.0011749267578125,0.000865936279296875,0.000606536865234375,0.000446319580078125,0.000308990478515625,0.00016021728515625,-0.000148773193359375
0,11,0.0255126953125,0.053955078125,0.024658203125,0.03173828125,-0.0284423828125,-0.007080078125,0.0213623046875
0,12,0.00830078125,0.0478515625,0.01116943359375,0.02880859375,-0.03955078125,-0.01763916015625,0.02191162109375
0,13,0.0166015625,0.022705078125,0.01336669921875,0.0196533203125,-0.006103515625,-0.00628662109375,-0.00018310546875
0,14,0.02734375,0.037353515625,0.0244140625,0.033447265625,-0.010009765625,-0.009033203125,0.0009765625
0,15,4.764560328305439e-22,7.497146725654602e-08,7.113753267956038e-22,1.126900315284729e-07,-7.497146725654554e-08,-1.1269003152847219e-07,-3.771856427192664e-08
0,16,0.005126953125,0.0556640625,0.004241943359375,0.059326171875,-0.050537109375,-0.055084228515625,-0.004547119140625
0,17,0.0089111328125,0.048583984375,0.007568359375,0.041015625,-0.0396728515625,-0.033447265625,0.0062255859375
0,18,0.04931640625,0.0986328125,0.055908203125,0.11181640625,-0.04931640625,-0.055908203125,-0.006591796875
0,19,0.146484375,0.29296875,0.12158203125,0.2431640625,-0.146484375,-0.12158203125,0.02490234375
0,20,0.00136566162109375,0.00186920166015625,0.0009765625,0.00531005859375,-0.0005035400390625,-0.00433349609375,-0.0038299560546875
0,21,0.00046539306640625,0.0003509521484375,0.001678466796875,0.0020294189453125,0.00011444091796875,-0.0003509521484375,-0.00046539306640625
0,22,0.0252685546875,0.0615234375,0.0230712890625,0.037109375,-0.0362548828125,-0.0140380859375,0.022216796875
0,23,0.00115203857421875,0.007781982421875,0.00176239013671875,0.002593994140625,-0.00662994384765625,-0.00083160400390625,0.00579833984375
0,24,0.000545501708984375,0.00286865234375,0.000640869140625,0.00102996826171875,-0.002323150634765625,-0.00038909912109375,0.001934051513671875
0,25,0.01385498046875,0.263671875,0.013671875,0.162109375,-0.24981689453125,-0.1484375,0.10137939453125
0,26,0.0006866455078125,0.005950927734375,0.000720977783203125,0.002105712890625,-0.0052642822265625,-0.001384735107421875,0.003879547119140625
0,27,0.01129150390625,0.36328125,0.01251220703125,0.2275390625,-0.35198974609375,-0.21502685546875,0.136962890625
1,0,0.06591796875,0.296875,0.0419921875,0.23046875,-0.23095703125,-0.1884765625,0.04248046875
1,1,0.046630859375,0.11328125,0.0478515625,0.123046875,-0.066650390625,-0.0751953125,-0.008544921875
1,2,0.2001953125,0.1474609375,0.2353515625,0.173828125,0.052734375,0.0615234375,0.0087890625
1,3,0.00616455078125,0.04443359375,0.0042724609375,0.03466796875,-0.03826904296875,-0.0303955078125,0.00787353515625
1,4,0.1904296875,0.1484375,0.1806640625,0.15234375,0.0419921875,0.0283203125,-0.013671875
1,5,0.1337890625,0.09814453125,0.0966796875,0.1171875,0.03564453125,-0.0205078125,-0.05615234375
1,6,0.08740234375,0.10595703125,0.1806640625,0.1064453125,-0.0185546875,0.07421875,0.0927734375
1,7,0.03466796875,0.005279541015625,0.01214599609375,0.005584716796875,0.029388427734375,0.006561279296875,-0.0228271484375
1,8,0.045654296875,0.00775146484375,0.07177734375,0.0089111328125,0.03790283203125,0.0628662109375,0.02496337890625
1,9,0.04345703125,0.02880859375,0.052978515625,0.0267333984375,0.0146484375,0.0262451171875,0.0115966796875
1,10,0.0107421875,0.00341796875,0.00592041015625,0.009521484375,0.00732421875,-0.00360107421875,-0.01092529296875
1,11,0.0010528564453125,2.1338462829589844e-05,0.000514984130859375,0.0002498626708984375,0.0010315179824829102,0.0002651214599609375,-0.0007663965225219727
1,12,0.00140380859375,0.004302978515625,0.002044677734375,0.006011962890625,-0.002899169921875,-0.00396728515625,-0.001068115234375
1,13,0.052490234375,0.06787109375,0.0341796875,0.0947265625,-0.015380859375,-0.060546875,-0.045166015625
1,14,0.041015625,0.0107421875,0.0162353515625,0.009033203125,0.0302734375,0.0072021484375,-0.0230712890625
1,15,0.0002536773681640625,6.765127182006836e-06,0.000946044921875,6.818771362304688e-05,0.00024691224098205566,0.0008778572082519531,0.0006309449672698975
1,16,0.10693359375,0.03515625,0.0032806396484375,0.000732421875,0.07177734375,0.0025482177734375,-0.0692291259765625
1,17,0.000667572021484375,0.01220703125,0.000885009765625,0.01214599609375,-0.011539459228515625,-0.011260986328125,0.000278472900390625
1,18,0.00433349609375,0.00145721435546875,0.00099945068359375,0.000858306884765625,0.00287628173828125,0.000141143798828125,-0.002735137939453125
1,19,0.0004253387451171875,1.7881393432617188e-05,0.000171661376953125,0.0001583099365234375,0.0004074573516845703,1.33514404296875e-05,-0.0003941059112548828
1,20,0.01544189453125,0.02197265625,0.0322265625,0.05029296875,-0.00653076171875,-0.01806640625,-0.01153564453125
1,21,0.09375,0.197265625,0.11865234375,0.173828125,-0.103515625,-0.05517578125,0.04833984375
1,22,0.049072265625,0.205078125,0.05810546875,0.1630859375,-0.156005859375,-0.10498046875,0.051025390625
1,23,0.024658203125,0.000484466552734375,0.02197265625,0.00115203857421875,0.024173736572265625,0.02082061767578125,-0.003353118896484375
1,24,0.0155029296875,0.0155029296875,0.041015625,0.054931640625,0.0,-0.013916015625,-0.013916015625
1,25,0.0546875,0.1123046875,0.06396484375,0.1171875,-0.0576171875,-0.05322265625,0.00439453125
1,26,0.0810546875,0.2060546875,0.099609375,0.1875,-0.125,-0.087890625,0.037109375
1,27,0.123046875,0.16796875,0.146484375,0.146484375,-0.044921875,0.0,0.044921875
2,0,0.265625,0.01708984375,0.2353515625,0.0137939453125,0.24853515625,0.2215576171875,-0.0269775390625
2,1,0.0244140625,0.00012874603271484375,0.0203857421875,0.000484466552734375,0.024285316467285156,0.019901275634765625,-0.004384040832519531
2,2,0.03173828125,0.0002155303955078125,0.0308837890625,0.00115966796875,0.03152275085449219,0.02972412109375,-0.0017986297607421875
2,3,0.10009765625,0.00323486328125,0.07470703125,0.0016937255859375,0.09686279296875,0.0730133056640625,-0.0238494873046875
2,4,0.0693359375,0.0006866455078125,0.0595703125,0.00080108642578125,0.0686492919921875,0.05876922607421875,-0.00988006591796875
2,5,0.0732421875,0.00121307373046875,0.0703125,0.002838134765625,0.07202911376953125,0.067474365234375,-0.00455474853515625
2,6,0.111328125,0.00140380859375,0.07177734375,0.00579833984375,0.10992431640625,0.06597900390625,-0.0439453125
2,7,0.0673828125,0.020263671875,0.044677734375,0.01318359375,0.047119140625,0.031494140625,-0.015625
2,8,0.1259765625,0.0615234375,0.09814453125,0.033935546875,0.064453125,0.064208984375,-0.000244140625
2,9,0.0634765625,0.0267333984375,0.0634765625,0.016357421875,0.0367431640625,0.047119140625,0.0103759765625
2,10,0.044189453125,0.0123291015625,0.06640625,0.0269775390625,0.0318603515625,0.0394287109375,0.007568359375
2,11,0.07958984375,0.032958984375,0.06640625,0.03466796875,0.046630859375,0.03173828125,-0.014892578125
2,12,0.024658203125,0.01416015625,0.0205078125,0.0108642578125,0.010498046875,0.0096435546875,-0.0008544921875
2,13,0.035400390625,0.0225830078125,0.0517578125,0.033447265625,0.0128173828125,0.018310546875,0.0054931640625
2,14,0.1259765625,0.1337890625,0.10791015625,0.1142578125,-0.0078125,-0.00634765625,0.00146484375
2,15,0.0986328125,0.06298828125,0.057373046875,0.0771484375,0.03564453125,-0.019775390625,-0.055419921875
2,16,0.318359375,0.19140625,0.2080078125,0.158203125,0.126953125,0.0498046875,-0.0771484375
2,17,0.1416015625,0.0576171875,0.123046875,0.07958984375,0.083984375,0.04345703125,-0.04052734375
2,18,0.06689453125,0.02685546875,0.048095703125,0.0181884765625,0.0400390625,0.0299072265625,-0.0101318359375
2,19,0.060791015625,0.043701171875,0.064453125,0.06689453125,0.01708984375,-0.00244140625,-0.01953125
2,20,0.25390625,0.2734375,0.283203125,0.21484375,-0.01953125,0.068359375,0.087890625
2,21,0.36328125,0.09423828125,0.423828125,0.1044921875,0.26904296875,0.3193359375,0.05029296875
2,22,0.3671875,0.10107421875,0.349609375,0.1103515625,0.26611328125,0.2392578125,-0.02685546875
2,23,0.328125,0.09765625,0.279296875,0.07470703125,0.23046875,0.20458984375,-0.02587890625
2,24,0.302734375,0.064453125,0.333984375,0.068359375,0.23828125,0.265625,0.02734375
2,25,0.28515625,0.0458984375,0.291015625,0.0517578125,0.2392578125,0.2392578125,0.0
2,26,0.431640625,0.0888671875,0.369140625,0.1259765625,0.3427734375,0.2431640625,-0.099609375
2,27,0.2001953125,0.0380859375,0.203125,0.0211181640625,0.162109375,0.1820068359375,0.0198974609375
3,0,0.01129150390625,0.021240234375,0.005828857421875,0.0091552734375,-0.00994873046875,-0.003326416015625,0.006622314453125
3,1,0.0194091796875,0.0302734375,0.006744384765625,0.03564453125,-0.0108642578125,-0.028900146484375,-0.018035888671875
3,2,0.003509521484375,0.0084228515625,0.002777099609375,0.00738525390625,-0.004913330078125,-0.004608154296875,0.00030517578125
3,3,0.0052490234375,0.034423828125,0.004669189453125,0.037109375,-0.0291748046875,-0.032440185546875,-0.003265380859375
3,4,0.007354736328125,0.02001953125,0.00543212890625,0.0135498046875,-0.012664794921875,-0.00811767578125,0.004547119140625
3,5,0.04736328125,0.032958984375,0.0113525390625,0.0142822265625,0.014404296875,-0.0029296875,-0.017333984375
3,6,0.00909423828125,0.01123046875,0.006378173828125,0.0113525390625,-0.00213623046875,-0.004974365234375,-0.002838134765625
3,7,0.07861328125,0.0791015625,0.1142578125,0.06787109375,-0.00048828125,0.04638671875,0.046875
3,8,0.0022125244140625,0.01116943359375,0.00127410888671875,0.01055908203125,-0.0089569091796875,-0.00928497314453125,-0.00032806396484375
3,9,0.0947265625,0.09033203125,0.03125,0.0615234375,0.00439453125,-0.0302734375,-0.03466796875
3,10,0.00023937225341796875,4.315376281738281e-05,1.9073486328125e-05,0.00104522705078125,0.00019621849060058594,-0.001026153564453125,-0.001222372055053711
3,11,0.0157470703125,0.05908203125,0.020751953125,0.0576171875,-0.0433349609375,-0.036865234375,0.0064697265625
3,12,0.03564453125,0.03955078125,0.038330078125,0.039794921875,-0.00390625,-0.00146484375,0.00244140625
3,13,0.0194091796875,0.1181640625,0.0242919921875,0.08203125,-0.0987548828125,-0.0577392578125,0.041015625
3,14,0.09130859375,0.15625,0.10205078125,0.1640625,-0.06494140625,-0.06201171875,0.0029296875
3,15,0.033203125,0.06689453125,0.0130615234375,0.03271484375,-0.03369140625,-0.0196533203125,0.0140380859375
3,16,0.0264892578125,0.058349609375,0.013671875,0.0517578125,-0.0318603515625,-0.0380859375,-0.0062255859375
3,17,0.006439208984375,0.01043701171875,0.0015106201171875,0.0038299560546875,-0.003997802734375,-0.0023193359375,0.001678466796875
3,18,0.0177001953125,0.0986328125,0.021728515625,0.158203125,-0.0809326171875,-0.136474609375,-0.0555419921875
3,19,0.01458740234375,0.0263671875,0.01336669921875,0.0322265625,-0.01177978515625,-0.01885986328125,-0.007080078125
3,20,0.01904296875,0.04296875,0.0169677734375,0.0279541015625,-0.02392578125,-0.010986328125,0.012939453125
3,21,0.00946044921875,0.0142822265625,0.01116943359375,0.01611328125,-0.00482177734375,-0.00494384765625,-0.0001220703125
3,22,0.0157470703125,0.018310546875,0.0023956298828125,0.00701904296875,-0.0025634765625,-0.0046234130859375,-0.0020599365234375
3,23,0.02392578125,0.0361328125,0.027099609375,0.02734375,-0.01220703125,-0.000244140625,0.011962890625
3,24,0.00927734375,0.00830078125,0.00762939453125,0.0235595703125,0.0009765625,-0.01593017578125,-0.01690673828125
3,25,0.0284423828125,0.03173828125,0.0264892578125,0.06884765625,-0.0032958984375,-0.0423583984375,-0.0390625
3,26,0.0262451171875,0.033935546875,0.008544921875,0.0201416015625,-0.0076904296875,-0.0115966796875,-0.00390625
3,27,0.057373046875,0.05419921875,0.0191650390625,0.02880859375,0.003173828125,-0.0096435546875,-0.0128173828125
4,0,0.9453125,0.01416015625,0.921875,0.025146484375,0.93115234375,0.896728515625,-0.034423828125
4,1,0.5703125,0.10546875,0.478515625,0.1484375,0.46484375,0.330078125,-0.134765625
4,2,0.46875,0.025146484375,0.51953125,0.0196533203125,0.443603515625,0.4998779296875,0.0562744140625
4,3,0.81640625,0.00927734375,0.83984375,0.0067138671875,0.80712890625,0.8331298828125,0.0260009765625
4,4,0.6796875,0.022705078125,0.56640625,0.033203125,0.656982421875,0.533203125,-0.123779296875
4,5,0.703125,0.03125,0.515625,0.042724609375,0.671875,0.472900390625,-0.198974609375
4,6,0.90234375,0.00927734375,0.8515625,0.0125732421875,0.89306640625,0.8389892578125,-0.0540771484375
4,7,1.0,9.775161743164062e-05,1.0,0.000591278076171875,0.9999022483825684,0.9994087219238281,-0.0004935264587402344
4,8,0.99609375,6.193295121192932e-08,0.99609375,2.942979335784912e-07,0.9960936880670488,0.9960934557020664,-2.323649823665619e-07
4,9,0.99609375,7.37607479095459e-07,0.99609375,3.4570693969726562e-06,0.9960930123925209,0.996090292930603,-2.7194619178771973e-06
4,10,1.0,2.1047890186309814e-07,0.99609375,1.0505318641662598e-06,0.9999997895210981,0.9960926994681358,-0.003907090052962303
4,11,0.98828125,6.866455078125e-05,0.98828125,0.000385284423828125,0.9882125854492188,0.9878959655761719,-0.000316619873046875
4,12,0.98828125,2.1457672119140625e-06,0.984375,3.6209821701049805e-06,0.9882791042327881,0.9843713790178299,-0.003907725214958191
4,13,1.0,1.3783574104309082e-06,1.0,9.059906005859375e-06,0.9999986216425896,0.9999909400939941,-7.681548595428467e-06
4,14,0.416015625,0.02197265625,0.310546875,0.02099609375,0.39404296875,0.28955078125,-0.1044921875
4,15,0.765625,0.11328125,0.7265625,0.115234375,0.65234375,0.611328125,-0.041015625
4,16,0.7421875,0.038330078125,0.63671875,0.044189453125,0.703857421875,0.592529296875,-0.111328125
4,17,0.76953125,0.020263671875,0.8515625,0.0166015625,0.749267578125,0.8349609375,0.085693359375
4,18,0.68359375,0.001861572265625,0.59375,0.00396728515625,0.681732177734375,0.58978271484375,-0.091949462890625
4,19,0.8671875,0.00677490234375,0.71875,0.0087890625,0.86041259765625,0.7099609375,-0.15045166015625
4,20,0.94140625,0.001434326171875,0.87109375,0.00152587890625,0.939971923828125,0.86956787109375,-0.070404052734375
4,21,0.5859375,0.02099609375,0.49609375,0.02294921875,0.56494140625,0.47314453125,-0.091796875
4,22,0.2578125,0.03466796875,0.234375,0.0439453125,0.22314453125,0.1904296875,-0.03271484375
4,23,0.71875,2.4139881134033203e-06,0.68359375,0.0001659393310546875,0.7187475860118866,0.6834278106689453,-0.035319775342941284
4,24,0.98046875,0.003326416015625,0.9765625,0.002716064453125,0.977142333984375,0.973846435546875,-0.0032958984375
4,25,0.52734375,0.0419921875,0.478515625,0.049072265625,0.4853515625,0.429443359375,-0.055908203125
4,26,0.98828125,0.00069427490234375,0.984375,0.00125885009765625,0.9875869750976562,0.9831161499023438,-0.0044708251953125
4,27,0.7890625,0.00244140625,0.8125,0.002227783203125,0.78662109375,0.810272216796875,0.023651123046875
5,0,0.74609375,0.0184326171875,0.828125,0.01611328125,0.7276611328125,0.81201171875,0.0843505859375
5,1,0.435546875,0.08740234375,0.578125,0.0771484375,0.34814453125,0.5009765625,0.15283203125
5,2,0.462890625,0.005706787109375,0.4921875,0.005584716796875,0.457183837890625,0.486602783203125,0.0294189453125
5,3,0.67578125,0.018310546875,0.62109375,0.0196533203125,0.657470703125,0.6014404296875,-0.0560302734375
5,4,0.734375,0.1005859375,0.66796875,0.142578125,0.6337890625,0.525390625,-0.1083984375
5,5,0.9296875,0.00157928466796875,0.95703125,0.001434326171875,0.9281082153320312,0.955596923828125,0.02748870849609375
5,6,0.96484375,0.00286865234375,0.9375,0.005035400390625,0.96197509765625,0.932464599609375,-0.029510498046875
5,7,0.86328125,0.022216796875,0.8046875,0.0223388671875,0.841064453125,0.7823486328125,-0.0587158203125
5,8,0.90625,0.0111083984375,0.90234375,0.01318359375,0.8951416015625,0.88916015625,-0.0059814453125
5,9,0.640625,0.091796875,0.6015625,0.10546875,0.548828125,0.49609375,-0.052734375
5,10,0.88671875,0.030029296875,0.92578125,0.021240234375,0.856689453125,0.904541015625,0.0478515625
5,11,0.95703125,0.0125732421875,0.96875,0.0084228515625,0.9444580078125,0.9603271484375,0.015869140625
5,12,0.6015625,0.0869140625,0.70703125,0.064453125,0.5146484375,0.642578125,0.1279296875
5,13,0.90625,0.009521484375,0.9140625,0.00970458984375,0.896728515625,0.90435791015625,0.00762939453125
5,14,0.890625,0.00531005859375,0.890625,0.00390625,0.88531494140625,0.88671875,0.00140380859375
5,15,0.98828125,0.0062255859375,0.984375,0.00543212890625,0.9820556640625,0.97894287109375,-0.00311279296875
5,16,0.8359375,0.00341796875,0.76953125,0.00433349609375,0.83251953125,0.76519775390625,-0.06732177734375
5,17,0.93359375,0.0089111328125,0.92578125,0.0072021484375,0.9246826171875,0.9185791015625,-0.006103515625
5,18,0.984375,0.00836181640625,0.9765625,0.01068115234375,0.97601318359375,0.96588134765625,-0.0101318359375
5,19,0.99609375,0.000965118408203125,0.99609375,0.0033111572265625,0.9951286315917969,0.9927825927734375,-0.002346038818359375
5,20,0.9765625,0.0032501220703125,0.98046875,0.005096435546875,0.9733123779296875,0.975372314453125,0.0020599365234375
5,21,0.9921875,0.00024127960205078125,0.98828125,0.00031280517578125,0.9919462203979492,0.9879684448242188,-0.003977775573730469
5,22,0.73828125,0.01904296875,0.6328125,0.02099609375,0.71923828125,0.61181640625,-0.107421875
5,23,0.494140625,0.263671875,0.59765625,0.158203125,0.23046875,0.439453125,0.208984375
5,24,0.703125,0.109375,0.75390625,0.11962890625,0.59375,0.63427734375,0.04052734375
5,25,0.90234375,0.002655029296875,0.9140625,0.004425048828125,0.899688720703125,0.909637451171875,0.00994873046875
5,26,0.94921875,0.0024566650390625,0.96484375,0.0022735595703125,0.9467620849609375,0.9625701904296875,0.01580810546875
5,27,0.8125,0.0081787109375,0.7890625,0.0128173828125,0.8043212890625,0.7762451171875,-0.028076171875
6,0,0.96484375,0.0017547607421875,0.90625,0.004180908203125,0.9630889892578125,0.902069091796875,-0.0610198974609375
6,1,0.83203125,6.580352783203125e-05,0.85546875,0.0002899169921875,0.831965446472168,0.8551788330078125,0.02321338653564453
6,2,0.65625,0.0001544952392578125,0.6640625,0.0014190673828125,0.6560955047607422,0.6626434326171875,0.0065479278564453125
6,3,0.5078125,0.00408935546875,0.56640625,0.0081787109375,0.50372314453125,0.5582275390625,0.05450439453125
6,4,0.72265625,8.869171142578125e-05,0.7265625,0.000934600830078125,0.7225675582885742,0.7256278991699219,0.0030603408813476562
6,5,0.6171875,0.002227783203125,0.6953125,0.0035247802734375,0.614959716796875,0.6917877197265625,0.0768280029296875
6,6,0.390625,8.847564458847046e-09,0.326171875,5.736947059631348e-07,0.39062499115243554,0.32617130130529404,-0.0644536898471415
6,7,0.6328125,0.031494140625,0.46484375,0.059814453125,0.601318359375,0.405029296875,-0.1962890625
6,8,0.45703125,0.0634765625,0.498046875,0.054931640625,0.3935546875,0.443115234375,0.049560546875
6,9,0.412109375,0.0849609375,0.412109375,0.1123046875,0.3271484375,0.2998046875,-0.02734375
6,10,0.69921875,0.025146484375,0.78125,0.0233154296875,0.674072265625,0.7579345703125,0.0838623046875
6,11,0.82421875,0.04931640625,0.7890625,0.06005859375,0.77490234375,0.72900390625,-0.0458984375
6,12,0.91796875,0.00677490234375,0.91796875,0.0081787109375,0.91119384765625,0.9097900390625,-0.00140380859375
6,13,0.6015625,0.0732421875,0.6953125,0.052734375,0.5283203125,0.642578125,0.1142578125
6,14,0.73046875,0.0634765625,0.65625,0.08251953125,0.6669921875,0.57373046875,-0.09326171875
6,15,0.28515625,0.17578125,0.2138671875,0.1220703125,0.109375,0.091796875,-0.017578125
6,16,0.466796875,0.0302734375,0.330078125,0.027099609375,0.4365234375,0.302978515625,-0.133544921875
6,17,0.765625,0.04833984375,0.73828125,0.05859375,0.71728515625,0.6796875,-0.03759765625
6,18,0.9375,0.0234375,0.92578125,0.02978515625,0.9140625,0.89599609375,-0.01806640625
6,19,0.94921875,0.005889892578125,0.94921875,0.00469970703125,0.943328857421875,0.94451904296875,0.001190185546875
6,20,0.7734375,0.051513671875,0.6171875,0.1044921875,0.721923828125,0.5126953125,-0.209228515625
6,21,0.7734375,0.0096435546875,0.6328125,0.011962890625,0.7637939453125,0.620849609375,-0.1429443359375
6,22,0.2216796875,0.003173828125,0.171875,0.0074462890625,0.218505859375,0.1644287109375,-0.0540771484375
6,23,0.6328125,0.0031585693359375,0.546875,0.0025634765625,0.6296539306640625,0.5443115234375,-0.0853424072265625
6,24,0.494140625,0.0211181640625,0.53515625,0.028076171875,0.4730224609375,0.507080078125,0.0340576171875
6,25,0.6328125,0.001739501953125,0.6484375,0.00592041015625,0.631072998046875,0.64251708984375,0.011444091796875
6,26,0.458984375,0.013916015625,0.31640625,0.0103759765625,0.445068359375,0.3060302734375,-0.1390380859375
6,27,0.4921875,0.0125732421875,0.453125,0.0162353515625,0.4796142578125,0.4368896484375,-0.042724609375
7,0,0.255859375,0.11328125,0.125,0.146484375,0.142578125,-0.021484375,-0.1640625
7,1,0.625,0.1455078125,0.5703125,0.1826171875,0.4794921875,0.3876953125,-0.091796875
7,2,0.369140625,0.007537841796875,0.33203125,0.01116943359375,0.361602783203125,0.32086181640625,-0.040740966796875
7,3,0.38671875,0.04541015625,0.333984375,0.059814453125,0.34130859375,0.274169921875,-0.067138671875
7,4,0.373046875,0.00482177734375,0.341796875,0.0062255859375,0.36822509765625,0.3355712890625,-0.03265380859375
7,5,0.55859375,0.00579833984375,0.30859375,0.01495361328125,0.55279541015625,0.29364013671875,-0.2591552734375
7,6,0.412109375,0.07861328125,0.3984375,0.0859375,0.33349609375,0.3125,-0.02099609375
7,7,0.5625,0.01092529296875,0.44921875,0.00927734375,0.55157470703125,0.43994140625,-0.11163330078125
7,8,0.373046875,0.05322265625,0.322265625,0.083984375,0.31982421875,0.23828125,-0.08154296875
7,9,0.33203125,0.1494140625,0.1787109375,0.23828125,0.1826171875,-0.0595703125,-0.2421875
7,10,0.79296875,0.0086669921875,0.7421875,0.013916015625,0.7843017578125,0.728271484375,-0.0560302734375
7,11,0.453125,0.00640869140625,0.408203125,0.00640869140625,0.44671630859375,0.40179443359375,-0.044921875
7,12,0.54296875,0.01324462890625,0.498046875,0.01495361328125,0.52972412109375,0.48309326171875,-0.046630859375
7,13,0.1640625,0.028076171875,0.150390625,0.037109375,0.135986328125,0.11328125,-0.022705078125
7,14,0.5625,0.041259765625,0.62109375,0.0380859375,0.521240234375,0.5830078125,0.061767578125
7,15,0.96484375,0.0072021484375,0.95703125,0.00946044921875,0.9576416015625,0.94757080078125,-0.01007080078125
7,16,0.462890625,0.0233154296875,0.330078125,0.037353515625,0.4395751953125,0.292724609375,-0.1468505859375
7,17,0.921875,0.0234375,0.8828125,0.035888671875,0.8984375,0.846923828125,-0.051513671875
7,18,0.59765625,0.177734375,0.4375,0.1796875,0.419921875,0.2578125,-0.162109375
7,19,0.89453125,0.03662109375,0.890625,0.03271484375,0.85791015625,0.85791015625,0.0
7,20,0.52734375,0.01806640625,0.498046875,0.0194091796875,0.50927734375,0.4786376953125,-0.0306396484375
7,21,0.53125,0.10888671875,0.443359375,0.11474609375,0.42236328125,0.32861328125,-0.09375
7,22,0.69140625,0.013671875,0.6640625,0.01214599609375,0.677734375,0.65191650390625,-0.02581787109375
7,23,0.98046875,0.004669189453125,0.9765625,0.003997802734375,0.975799560546875,0.972564697265625,-0.00323486328125
7,24,0.36328125,0.01153564453125,0.353515625,0.0111083984375,0.35174560546875,0.3424072265625,-0.00933837890625
7,25,0.92578125,0.0218505859375,0.89453125,0.0283203125,0.9039306640625,0.8662109375,-0.0377197265625
7,26,0.58984375,0.0673828125,0.546875,0.046875,0.5224609375,0.5,-0.0224609375
7,27,0.84375,0.00860595703125,0.8359375,0.00860595703125,0.83514404296875,0.82733154296875,-0.0078125
8,0,0.55859375,0.1181640625,0.5234375,0.12109375,0.4404296875,0.40234375,-0.0380859375
8,1,0.3671875,0.01483154296875,0.46875,0.01226806640625,0.35235595703125,0.45648193359375,0.1041259765625
8,2,0.625,0.087890625,0.609375,0.0693359375,0.537109375,0.5400390625,0.0029296875
8,3,0.7109375,0.04931640625,0.6640625,0.04345703125,0.66162109375,0.62060546875,-0.041015625
8,4,0.76171875,0.0361328125,0.78515625,0.020263671875,0.7255859375,0.764892578125,0.039306640625
8,5,0.72265625,0.0751953125,0.8671875,0.026611328125,0.6474609375,0.840576171875,0.193115234375
8,6,0.296875,0.015625,0.17578125,0.05126953125,0.28125,0.12451171875,-0.15673828125
8,7,0.1484375,0.455078125,0.1337890625,0.4375,-0.306640625,-0.3037109375,0.0029296875
8,8,0.1572265625,0.06005859375,0.10693359375,0.0299072265625,0.09716796875,0.0770263671875,-0.0201416015625
8,9,0.2158203125,0.181640625,0.2177734375,0.29296875,0.0341796875,-0.0751953125,-0.109375
8,10,0.287109375,0.20703125,0.2197265625,0.1474609375,0.080078125,0.072265625,-0.0078125
8,11,0.45703125,0.051513671875,0.26953125,0.072265625,0.405517578125,0.197265625,-0.208251953125
8,12,0.04931640625,0.26171875,0.04443359375,0.1953125,-0.21240234375,-0.15087890625,0.0615234375
8,13,0.466796875,0.1318359375,0.41015625,0.08984375,0.3349609375,0.3203125,-0.0146484375
8,14,0.49609375,0.00830078125,0.302734375,0.004425048828125,0.48779296875,0.298309326171875,-0.189483642578125
8,15,0.56640625,0.019287109375,0.357421875,0.01220703125,0.547119140625,0.34521484375,-0.201904296875
8,16,0.53515625,0.005859375,0.4375,0.00323486328125,0.529296875,0.43426513671875,-0.09503173828125
8,17,0.80078125,0.0150146484375,0.66796875,0.020751953125,0.7857666015625,0.647216796875,-0.1385498046875
8,18,0.486328125,0.0240478515625,0.55859375,0.02490234375,0.4622802734375,0.53369140625,0.0714111328125
8,19,0.035400390625,0.0009613037109375,0.0341796875,0.000972747802734375,0.0344390869140625,0.033206939697265625,-0.001232147216796875
8,20,0.5078125,0.0018463134765625,0.30078125,0.002471923828125,0.5059661865234375,0.298309326171875,-0.2076568603515625
8,21,0.546875,0.01519775390625,0.412109375,0.023193359375,0.53167724609375,0.388916015625,-0.14276123046875
8,22,0.98828125,4.4345855712890625e-05,0.94921875,0.0001583099365234375,0.9882369041442871,0.9490604400634766,-0.03917646408081055
8,23,1.0,2.1606683731079102e-07,1.0,4.3585896492004395e-07,0.9999997839331627,0.9999995641410351,-2.1979212760925293e-07
8,24,0.97265625,0.0003604888916015625,0.953125,0.0012664794921875,0.9722957611083984,0.9518585205078125,-0.020437240600585938
8,25,0.90234375,0.01214599609375,0.875,0.0235595703125,0.89019775390625,0.8514404296875,-0.03875732421875
8,26,0.921875,0.0081787109375,0.88671875,0.0159912109375,0.9136962890625,0.8707275390625,-0.04296875
8,27,0.9921875,1.2516975402832031e-06,0.98046875,5.841255187988281e-06,0.9921862483024597,0.980462908744812,-0.011723339557647705
9,0,0.6875,0.00677490234375,0.54296875,0.0037841796875,0.68072509765625,0.5391845703125,-0.14154052734375
9,1,0.337890625,0.01019287109375,0.458984375,0.0091552734375,0.32769775390625,0.4498291015625,0.12213134765625
9,2,0.78515625,0.0166015625,0.75390625,0.016845703125,0.7685546875,0.737060546875,-0.031494140625
9,3,0.84375,0.018310546875,0.91015625,0.0108642578125,0.825439453125,0.8992919921875,0.0738525390625
9,4,0.9609375,0.0118408203125,0.94921875,0.01397705078125,0.9490966796875,0.93524169921875,-0.01385498046875
9,5,0.7890625,0.006011962890625,0.796875,0.0087890625,0.783050537109375,0.7880859375,0.005035400390625
9,6,0.134765625,0.142578125,0.169921875,0.140625,-0.0078125,0.029296875,0.037109375
9,7,0.609375,0.146484375,0.486328125,0.1376953125,0.462890625,0.3486328125,-0.1142578125
9,8,0.95703125,0.004852294921875,0.94140625,0.0037384033203125,0.952178955078125,0.9376678466796875,-0.0145111083984375
9,9,0.9140625,0.02587890625,0.8671875,0.0341796875,0.88818359375,0.8330078125,-0.05517578125
9,10,0.88671875,0.01019287109375,0.95703125,0.003387451171875,0.87652587890625,0.953643798828125,0.077117919921875
9,11,0.44140625,0.0732421875,0.1767578125,0.064453125,0.3681640625,0.1123046875,-0.255859375
9,12,0.404296875,0.0244140625,0.30859375,0.01507568359375,0.3798828125,0.29351806640625,-0.08636474609375
9,13,0.4375,0.0084228515625,0.59765625,0.00836181640625,0.4290771484375,0.58929443359375,0.16021728515625
9,14,0.578125,0.06591796875,0.4921875,0.07666015625,0.51220703125,0.41552734375,-0.0966796875
9,15,0.78515625,0.048095703125,0.69921875,0.06884765625,0.737060546875,0.63037109375,-0.106689453125
9,16,0.201171875,0.0302734375,0.294921875,0.04345703125,0.1708984375,0.25146484375,0.08056640625
9,17,0.890625,0.0262451171875,0.81640625,0.04443359375,0.8643798828125,0.77197265625,-0.0924072265625
9,18,0.86328125,0.02294921875,0.8984375,0.01611328125,0.84033203125,0.88232421875,0.0419921875
9,19,0.83984375,0.052001953125,0.74609375,0.06884765625,0.787841796875,0.67724609375,-0.110595703125
9,20,0.71875,0.03173828125,0.62890625,0.05517578125,0.68701171875,0.57373046875,-0.11328125
9,21,0.859375,0.00970458984375,0.84765625,0.00537109375,0.84967041015625,0.84228515625,-0.00738525390625
9,22,0.8984375,0.0106201171875,0.89453125,0.01025390625,0.8878173828125,0.88427734375,-0.0035400390625
9,23,0.232421875,0.0654296875,0.1953125,0.04541015625,0.1669921875,0.14990234375,-0.01708984375
9,24,0.80078125,0.0361328125,0.73828125,0.055908203125,0.7646484375,0.682373046875,-0.082275390625
9,25,0.625,0.0517578125,0.5859375,0.052734375,0.5732421875,0.533203125,-0.0400390625
9,26,0.462890625,0.0634765625,0.39453125,0.078125,0.3994140625,0.31640625,-0.0830078125
9,27,0.419921875,0.021484375,0.515625,0.022705078125,0.3984375,0.492919921875,0.094482421875
10,0,0.9375,0.0050048828125,0.9765625,0.00225830078125,0.9324951171875,0.97430419921875,0.04180908203125
10,1,0.52734375,0.0004787445068359375,0.54296875,0.00225830078125,0.5268650054931641,0.54071044921875,0.013845443725585938
10,2,0.7890625,0.031005859375,0.84765625,0.01336669921875,0.758056640625,0.83428955078125,0.07623291015625
10,3,0.86328125,0.01025390625,0.921875,0.004180908203125,0.85302734375,0.917694091796875,0.064666748046875
10,4,0.322265625,0.0018157958984375,0.291015625,0.00225830078125,0.3204498291015625,0.28875732421875,-0.0316925048828125
10,5,0.365234375,0.0252685546875,0.404296875,0.0169677734375,0.3399658203125,0.3873291015625,0.04736328125
10,6,0.09326171875,0.162109375,0.11572265625,0.15234375,-0.06884765625,-0.03662109375,0.0322265625
10,7,0.640625,0.006317138671875,0.65234375,0.00133514404296875,0.634307861328125,0.6510086059570312,0.01670074462890625
10,8,0.5234375,0.09814453125,0.6953125,0.0238037109375,0.42529296875,0.6715087890625,0.2462158203125
10,9,0.04345703125,0.099609375,0.050048828125,0.03759765625,-0.05615234375,0.012451171875,0.068603515625
10,10,0.90625,0.004547119140625,0.890625,0.002777099609375,0.901702880859375,0.887847900390625,-0.01385498046875
10,11,0.75390625,0.01806640625,0.77734375,0.01385498046875,0.73583984375,0.76348876953125,0.02764892578125
10,12,0.8984375,0.00482177734375,0.89453125,0.002197265625,0.89361572265625,0.892333984375,-0.00128173828125
10,13,0.76953125,0.0322265625,0.69921875,0.01141357421875,0.7373046875,0.68780517578125,-0.04949951171875
10,14,0.80859375,0.028564453125,0.8125,0.027587890625,0.780029296875,0.784912109375,0.0048828125
10,15,0.58203125,0.1025390625,0.515625,0.0751953125,0.4794921875,0.4404296875,-0.0390625
10,16,0.419921875,0.10546875,0.48046875,0.0537109375,0.314453125,0.4267578125,0.1123046875
10,17,0.61328125,0.0106201171875,0.7421875,0.0048828125,0.6026611328125,0.7373046875,0.1346435546875
10,18,0.8671875,0.0108642578125,0.95703125,0.0034942626953125,0.8563232421875,0.9535369873046875,0.0972137451171875
10,19,0.466796875,0.1904296875,0.640625,0.06640625,0.2763671875,0.57421875,0.2978515625
10,20,0.39453125,0.0625,0.56640625,0.041259765625,0.33203125,0.525146484375,0.193115234375
10,21,0.44921875,0.025146484375,0.283203125,0.03173828125,0.424072265625,0.25146484375,-0.172607421875
10,22,0.6953125,0.00543212890625,0.59765625,0.008544921875,0.68988037109375,0.589111328125,-0.10076904296875
10,23,0.1337890625,0.0306396484375,0.177734375,0.01470947265625,0.1031494140625,0.16302490234375,0.05987548828125
10,24,0.052490234375,0.03466796875,0.051025390625,0.0244140625,0.017822265625,0.026611328125,0.0087890625
10,25,0.494140625,0.0172119140625,0.29296875,0.025390625,0.4769287109375,0.267578125,-0.2093505859375
10,26,0.67578125,0.0155029296875,0.5703125,0.008056640625,0.6602783203125,0.562255859375,-0.0980224609375
10,27,0.8671875,0.0003814697265625,0.8671875,0.000644683837890625,0.8668060302734375,0.8665428161621094,-0.000263214111328125
11,0,0.27734375,0.05078125,0.45703125,0.0283203125,0.2265625,0.4287109375,0.2021484375
11,1,0.07421875,5.3551048040390015e-09,0.12060546875,2.253800630569458e-07,0.0742187446448952,0.12060524336993694,0.04638649872504175
11,2,0.96875,0.0032501220703125,0.97265625,0.0022430419921875,0.9654998779296875,0.9704132080078125,0.004913330078125
11,3,0.828125,0.0064697265625,0.79296875,0.008544921875,0.8216552734375,0.784423828125,-0.0372314453125
11,4,0.71875,0.0908203125,0.7734375,0.068359375,0.6279296875,0.705078125,0.0771484375
11,5,0.08447265625,0.150390625,0.10205078125,0.09423828125,-0.06591796875,0.0078125,0.07373046875
11,6,0.06298828125,0.0028076171875,0.08544921875,0.0030059814453125,0.0601806640625,0.0824432373046875,0.0222625732421875
11,7,0.51953125,0.06005859375,0.080078125,0.035400390625,0.45947265625,0.044677734375,-0.414794921875
11,8,0.7890625,0.025390625,0.81640625,0.010986328125,0.763671875,0.805419921875,0.041748046875
11,9,0.40234375,0.09130859375,0.5234375,0.061767578125,0.31103515625,0.461669921875,0.150634765625
11,10,0.1962890625,0.306640625,0.1962890625,0.16015625,-0.1103515625,0.0361328125,0.146484375
11,11,0.7109375,0.0205078125,0.71484375,0.02197265625,0.6904296875,0.69287109375,0.00244140625
11,12,0.91796875,0.012939453125,0.921875,0.01025390625,0.905029296875,0.91162109375,0.006591796875
11,13,0.61328125,0.169921875,0.283203125,0.2197265625,0.443359375,0.0634765625,-0.3798828125
11,14,0.7578125,0.020751953125,0.8046875,0.03271484375,0.737060546875,0.77197265625,0.034912109375
11,15,0.34375,0.008056640625,0.52734375,0.0098876953125,0.335693359375,0.5174560546875,0.1817626953125
11,16,0.328125,0.008544921875,0.421875,0.00567626953125,0.319580078125,0.41619873046875,0.09661865234375
11,17,0.2314453125,0.07958984375,0.16015625,0.12255859375,0.15185546875,0.03759765625,-0.1142578125
11,18,0.478515625,0.0133056640625,0.44140625,0.01318359375,0.4652099609375,0.42822265625,-0.0369873046875
11,19,0.43359375,0.01495361328125,0.458984375,0.0120849609375,0.41864013671875,0.4468994140625,0.02825927734375
11,20,0.625,0.08056640625,0.5625,0.036865234375,0.54443359375,0.525634765625,-0.018798828125
11,21,0.828125,0.003387451171875,0.8984375,0.001708984375,0.824737548828125,0.896728515625,0.071990966796875
11,22,0.158203125,0.0118408203125,0.25390625,0.007354736328125,0.1463623046875,0.246551513671875,0.100189208984375
11,23,0.404296875,0.2138671875,0.55859375,0.08056640625,0.1904296875,0.47802734375,0.28759765625
11,24,0.703125,0.02392578125,0.67578125,0.01202392578125,0.67919921875,0.66375732421875,-0.01544189453125
11,25,0.039794921875,0.248046875,0.1318359375,0.1376953125,-0.208251953125,-0.005859375,0.202392578125
11,26,0.271484375,0.1953125,0.2119140625,0.2431640625,0.076171875,-0.03125,-0.107421875
11,27,0.2255859375,0.1904296875,0.5546875,0.036865234375,0.03515625,0.517822265625,0.482666015625
12,0,0.10986328125,0.0201416015625,0.08935546875,0.01953125,0.0897216796875,0.06982421875,-0.0198974609375
12,1,0.48828125,0.12890625,0.29296875,0.1005859375,0.359375,0.1923828125,-0.1669921875
12,2,0.49609375,0.04150390625,0.6484375,0.0302734375,0.45458984375,0.6181640625,0.16357421875
12,3,0.326171875,0.016357421875,0.314453125,0.013916015625,0.309814453125,0.300537109375,-0.00927734375
12,4,0.298828125,0.18359375,0.125,0.09033203125,0.115234375,0.03466796875,-0.08056640625
12,5,0.5546875,0.0098876953125,0.3828125,0.0091552734375,0.5447998046875,0.3736572265625,-0.171142578125
12,6,0.921875,0.0322265625,0.88671875,0.0439453125,0.8896484375,0.8427734375,-0.046875
12,7,0.921875,0.0145263671875,0.94140625,0.0025482177734375,0.9073486328125,0.9388580322265625,0.0315093994140625
12,8,0.208984375,0.17578125,0.220703125,0.1396484375,0.033203125,0.0810546875,0.0478515625
12,9,0.1015625,0.005706787109375,0.287109375,0.00421142578125,0.095855712890625,0.28289794921875,0.187042236328125
12,10,0.66796875,0.13671875,0.8359375,0.04150390625,0.53125,0.79443359375,0.26318359375
12,11,0.55078125,0.087890625,0.6953125,0.05517578125,0.462890625,0.64013671875,0.17724609375
12,12,0.345703125,0.3125,0.4609375,0.173828125,0.033203125,0.287109375,0.25390625
12,13,0.67578125,0.04150390625,0.80078125,0.01336669921875,0.63427734375,0.78741455078125,0.15313720703125
12,14,0.84375,0.0908203125,0.80078125,0.06396484375,0.7529296875,0.73681640625,-0.01611328125
12,15,0.76953125,0.080078125,0.7734375,0.07568359375,0.689453125,0.69775390625,0.00830078125
12,16,0.76953125,0.025634765625,0.703125,0.0262451171875,0.743896484375,0.6768798828125,-0.0670166015625
12,17,0.49609375,0.02685546875,0.5703125,0.0184326171875,0.46923828125,0.5518798828125,0.0826416015625
12,18,0.57421875,0.109375,0.515625,0.048828125,0.46484375,0.466796875,0.001953125
12,19,0.8203125,0.0966796875,0.79296875,0.0595703125,0.7236328125,0.7333984375,0.009765625
12,20,0.61328125,0.10400390625,0.416015625,0.095703125,0.50927734375,0.3203125,-0.18896484375
12,21,0.330078125,0.00445556640625,0.435546875,0.004852294921875,0.32562255859375,0.430694580078125,0.105072021484375
12,22,0.275390625,0.216796875,0.419921875,0.18359375,0.05859375,0.236328125,0.177734375
12,23,0.255859375,0.033203125,0.73046875,0.0184326171875,0.22265625,0.7120361328125,0.4893798828125
12,24,0.380859375,0.0361328125,0.310546875,0.0174560546875,0.3447265625,0.2930908203125,-0.0516357421875
12,25,0.2216796875,0.26171875,0.1201171875,0.31640625,-0.0400390625,-0.1962890625,-0.15625
12,26,0.455078125,0.0191650390625,0.59375,0.0166015625,0.4359130859375,0.5771484375,0.1412353515625
12,27,0.68359375,0.142578125,0.7734375,0.051513671875,0.541015625,0.721923828125,0.180908203125
13,0,0.30859375,0.0546875,0.40234375,0.0380859375,0.25390625,0.3642578125,0.1103515625
13,1,0.94921875,0.000774383544921875,0.97265625,0.0010223388671875,0.9484443664550781,0.9716339111328125,0.023189544677734375
13,2,0.37109375,0.019287109375,0.271484375,0.01129150390625,0.351806640625,0.26019287109375,-0.09161376953125
13,3,0.94140625,0.008544921875,0.90234375,0.0135498046875,0.932861328125,0.8887939453125,-0.0440673828125
13,4,0.28515625,0.1015625,0.275390625,0.09619140625,0.18359375,0.17919921875,-0.00439453125
13,5,0.416015625,0.173828125,0.5390625,0.1318359375,0.2421875,0.4072265625,0.1650390625
13,6,0.8671875,0.0128173828125,0.69140625,0.0177001953125,0.8543701171875,0.6737060546875,-0.1806640625
13,7,0.58984375,0.12109375,0.58984375,0.12255859375,0.46875,0.46728515625,-0.00146484375
13,8,0.380859375,0.00311279296875,0.201171875,0.0034942626953125,0.37774658203125,0.1976776123046875,-0.1800689697265625
13,9,0.671875,0.005462646484375,0.46484375,0.0211181640625,0.666412353515625,0.4437255859375,-0.222686767578125
13,10,0.361328125,0.06689453125,0.330078125,0.068359375,0.29443359375,0.26171875,-0.03271484375
13,11,0.5234375,0.0478515625,0.48828125,0.058837890625,0.4755859375,0.429443359375,-0.046142578125
13,12,0.431640625,0.00762939453125,0.5,0.0125732421875,0.42401123046875,0.4874267578125,0.06341552734375
13,13,0.06982421875,1.0617077350616455e-07,0.08154296875,3.0159950256347656e-05,0.0698241125792265,0.08151280879974365,0.011688696220517159
13,14,0.58203125,0.06103515625,0.5234375,0.095703125,0.52099609375,0.427734375,-0.09326171875
13,15,0.89453125,0.0115966796875,0.77734375,0.02490234375,0.8829345703125,0.75244140625,-0.1304931640625
13,16,0.6640625,0.034912109375,0.52734375,0.0830078125,0.629150390625,0.4443359375,-0.184814453125
13,17,0.6484375,0.0810546875,0.62890625,0.080078125,0.5673828125,0.548828125,-0.0185546875
13,18,0.2119140625,0.083984375,0.1572265625,0.046142578125,0.1279296875,0.111083984375,-0.016845703125
13,19,0.9765625,0.0004119873046875,0.94140625,0.0021209716796875,0.9761505126953125,0.9392852783203125,-0.036865234375
13,20,0.8046875,0.03173828125,0.82421875,0.0240478515625,0.77294921875,0.8001708984375,0.0272216796875
13,21,0.625,0.038330078125,0.478515625,0.0322265625,0.586669921875,0.4462890625,-0.140380859375
13,22,0.328125,0.1484375,0.17578125,0.07861328125,0.1796875,0.09716796875,-0.08251953125
13,23,0.0361328125,0.33984375,0.08349609375,0.1259765625,-0.3037109375,-0.04248046875,0.26123046875
13,24,0.474609375,0.08056640625,0.46875,0.10546875,0.39404296875,0.36328125,-0.03076171875
13,25,0.298828125,0.26171875,0.1904296875,0.275390625,0.037109375,-0.0849609375,-0.1220703125
13,26,0.55078125,0.1513671875,0.5,0.10791015625,0.3994140625,0.39208984375,-0.00732421875
13,27,0.30859375,0.189453125,0.30078125,0.11181640625,0.119140625,0.18896484375,0.06982421875
14,0,0.98828125,4.4345855712890625e-05,0.984375,3.266334533691406e-05,0.9882369041442871,0.9843423366546631,-0.0038945674896240234
14,1,0.953125,0.0027313232421875,0.9296875,0.0019683837890625,0.9503936767578125,0.9277191162109375,-0.022674560546875
14,2,0.94140625,0.002410888671875,0.9375,0.0024566650390625,0.938995361328125,0.9350433349609375,-0.0039520263671875
14,3,0.921875,0.0064697265625,0.90625,0.0069580078125,0.9154052734375,0.8992919921875,-0.01611328125
14,4,1.0,1.979060471057892e-08,1.0,4.7963112592697144e-08,0.9999999802093953,0.9999999520368874,-2.8172507882118225e-08
14,5,1.0,2.782326191663742e-08,1.0,5.2386894822120667e-08,0.9999999721767381,0.9999999476131052,-2.4563632905483246e-08
14,6,0.90234375,0.004638671875,0.9609375,0.002899169921875,0.897705078125,0.958038330078125,0.060333251953125
14,7,0.98046875,4.470348358154297e-06,0.98828125,2.3096799850463867e-06,0.9804642796516418,0.988278940320015,0.007814660668373108
14,8,0.72265625,0.0001926422119140625,0.87109375,0.00016117095947265625,0.7224636077880859,0.8709325790405273,0.1484689712524414
14,9,0.2177734375,0.003631591796875,0.3046875,0.0025634765625,0.214141845703125,0.3021240234375,0.087982177734375
14,10,0.62890625,0.1513671875,0.68359375,0.10205078125,0.4775390625,0.58154296875,0.10400390625
14,11,0.04833984375,0.2734375,0.0419921875,0.111328125,-0.22509765625,-0.0693359375,0.15576171875
14,12,0.474609375,0.0771484375,0.57421875,0.028564453125,0.3974609375,0.545654296875,0.148193359375
14,13,0.6796875,0.037109375,0.6640625,0.017822265625,0.642578125,0.646240234375,0.003662109375
14,14,0.66796875,0.234375,0.82421875,0.0673828125,0.43359375,0.7568359375,0.3232421875
14,15,0.30078125,0.07421875,0.1748046875,0.046875,0.2265625,0.1279296875,-0.0986328125
14,16,0.6328125,0.08740234375,0.62109375,0.048828125,0.54541015625,0.572265625,0.02685546875
14,17,0.8046875,0.020263671875,0.79296875,0.010009765625,0.784423828125,0.782958984375,-0.00146484375
14,18,0.4453125,0.341796875,0.578125,0.232421875,0.103515625,0.345703125,0.2421875
14,19,0.67578125,0.049072265625,0.66796875,0.05908203125,0.626708984375,0.60888671875,-0.017822265625
14,20,0.408203125,0.064453125,0.44140625,0.0732421875,0.34375,0.3681640625,0.0244140625
14,21,0.6328125,0.00726318359375,0.671875,0.01068115234375,0.62554931640625,0.66119384765625,0.03564453125
14,22,0.287109375,0.1279296875,0.234375,0.0859375,0.1591796875,0.1484375,-0.0107421875
14,23,0.298828125,0.2392578125,0.27734375,0.212890625,0.0595703125,0.064453125,0.0048828125
14,24,0.5546875,0.162109375,0.57421875,0.14453125,0.392578125,0.4296875,0.037109375
14,25,0.353515625,0.003662109375,0.396484375,0.00836181640625,0.349853515625,0.38812255859375,0.03826904296875
14,26,0.3125,0.052978515625,0.380859375,0.04443359375,0.259521484375,0.33642578125,0.076904296875
14,27,0.287109375,0.020751953125,0.1220703125,0.00567626953125,0.266357421875,0.11639404296875,-0.14996337890625
15,0,0.271484375,0.05224609375,0.2470703125,0.09814453125,0.21923828125,0.14892578125,-0.0703125
15,1,0.859375,0.0091552734375,0.90625,0.00909423828125,0.8502197265625,0.89715576171875,0.04693603515625
15,2,0.7578125,0.017822265625,0.921875,0.00531005859375,0.739990234375,0.91656494140625,0.17657470703125
15,3,0.515625,0.2197265625,0.5859375,0.095703125,0.2958984375,0.490234375,0.1943359375
15,4,0.875,0.052490234375,0.90234375,0.013427734375,0.822509765625,0.888916015625,0.06640625
15,5,0.5859375,0.008544921875,0.55078125,0.0052490234375,0.577392578125,0.5455322265625,-0.0318603515625
15,6,0.384765625,0.138671875,0.373046875,0.08544921875,0.24609375,0.28759765625,0.04150390625
15,7,0.5390625,0.0693359375,0.609375,0.0361328125,0.4697265625,0.5732421875,0.103515625
15,8,0.330078125,0.002593994140625,0.306640625,0.00518798828125,0.327484130859375,0.30145263671875,-0.026031494140625
15,9,0.462890625,0.0196533203125,0.482421875,0.0380859375,0.4432373046875,0.4443359375,0.0010986328125
15,10,0.52734375,0.12109375,0.53515625,0.138671875,0.40625,0.396484375,-0.009765625
15,11,0.11181640625,4.0745362639427185e-08,0.181640625,2.288818359375e-05,0.11181636550463736,0.18161773681640625,0.06980137131176889
15,12,0.2236328125,0.0400390625,0.154296875,0.033447265625,0.18359375,0.120849609375,-0.062744140625
15,13,0.12890625,0.061767578125,0.1083984375,0.068359375,0.067138671875,0.0400390625,-0.027099609375
15,14,0.875,0.023193359375,0.8828125,0.018310546875,0.851806640625,0.864501953125,0.0126953125
15,15,0.8671875,0.00225830078125,0.890625,0.003173828125,0.86492919921875,0.887451171875,0.02252197265625
15,16,0.765625,0.0263671875,0.7109375,0.0308837890625,0.7392578125,0.6800537109375,-0.0592041015625
15,17,0.80078125,0.02587890625,0.859375,0.02490234375,0.77490234375,0.83447265625,0.0595703125
15,18,0.9921875,5.185604095458984e-06,0.99609375,1.1980533599853516e-05,0.9921823143959045,0.9960817694664001,0.0038994550704956055
15,19,0.83984375,0.01055908203125,0.90625,0.0162353515625,0.82928466796875,0.8900146484375,0.06072998046875
15,20,0.94921875,0.000675201416015625,0.98828125,0.000705718994140625,0.9485435485839844,0.9875755310058594,0.039031982421875
15,21,0.54296875,0.076171875,0.59375,0.0654296875,0.466796875,0.5283203125,0.0615234375
15,22,0.279296875,0.265625,0.1865234375,0.2890625,0.013671875,-0.1025390625,-0.1162109375
15,23,0.271484375,0.0125732421875,0.1396484375,0.0205078125,0.2589111328125,0.119140625,-0.1397705078125
15,24,0.73046875,0.0142822265625,0.75390625,0.01190185546875,0.7161865234375,0.74200439453125,0.02581787109375
15,25,0.61328125,0.0615234375,0.7734375,0.038818359375,0.5517578125,0.734619140625,0.182861328125
15,26,0.2275390625,0.07373046875,0.2578125,0.0869140625,0.15380859375,0.1708984375,0.01708984375
15,27,0.11376953125,0.115234375,0.0703125,0.1337890625,-0.00146484375,-0.0634765625,-0.06201171875
16,0,0.91015625,0.0029144287109375,0.93359375,0.00531005859375,0.9072418212890625,0.92828369140625,0.0210418701171875
16,1,0.310546875,0.0830078125,0.3203125,0.1552734375,0.2275390625,0.1650390625,-0.0625
16,2,0.302734375,0.08154296875,0.5546875,0.064453125,0.22119140625,0.490234375,0.26904296875
16,3,0.59765625,0.06591796875,0.69921875,0.01806640625,0.53173828125,0.68115234375,0.1494140625
16,4,0.26171875,0.060546875,0.55078125,0.064453125,0.201171875,0.486328125,0.28515625
16,5,0.388671875,0.064453125,0.490234375,0.0478515625,0.32421875,0.4423828125,0.1181640625
16,6,0.50390625,0.01434326171875,0.64453125,0.01043701171875,0.48956298828125,0.63409423828125,0.14453125
16,7,0.61328125,0.0537109375,0.345703125,0.09765625,0.5595703125,0.248046875,-0.3115234375
16,8,0.10302734375,0.11279296875,0.111328125,0.1669921875,-0.009765625,-0.0556640625,-0.0458984375
16,9,0.9140625,0.01177978515625,0.8515625,0.01416015625,0.90228271484375,0.83740234375,-0.06488037109375
16,10,0.91015625,0.00579833984375,0.9296875,0.00604248046875,0.90435791015625,0.92364501953125,0.019287109375
16,11,0.90234375,0.01544189453125,0.8828125,0.020751953125,0.88690185546875,0.862060546875,-0.02484130859375
16,12,0.921875,0.002166748046875,0.9453125,0.001678466796875,0.919708251953125,0.943634033203125,0.02392578125
16,13,0.9609375,0.0012969970703125,0.94921875,0.00153350830078125,0.9596405029296875,0.9476852416992188,-0.01195526123046875
16,14,0.62890625,0.00640869140625,0.74609375,0.002716064453125,0.62249755859375,0.743377685546875,0.120880126953125
16,15,0.90234375,0.000370025634765625,0.95703125,0.0002841949462890625,0.9019737243652344,0.9567470550537109,0.05477333068847656
16,16,0.46875,0.03271484375,0.60546875,0.0203857421875,0.43603515625,0.5850830078125,0.1490478515625
16,17,0.431640625,0.030029296875,0.6640625,0.00885009765625,0.401611328125,0.65521240234375,0.25360107421875
16,18,0.89453125,0.00531005859375,0.85546875,0.00494384765625,0.88922119140625,0.85052490234375,-0.0386962890625
16,19,0.2412109375,0.035888671875,0.33203125,0.01953125,0.205322265625,0.3125,0.107177734375
16,20,0.044921875,0.033935546875,0.062255859375,0.041748046875,0.010986328125,0.0205078125,0.009521484375
16,21,0.03857421875,0.007537841796875,0.04248046875,0.00799560546875,0.031036376953125,0.03448486328125,0.003448486328125
16,22,0.28515625,0.02197265625,0.1943359375,0.0225830078125,0.26318359375,0.1717529296875,-0.0914306640625
16,23,0.08056640625,0.0322265625,0.049560546875,0.03662109375,0.04833984375,0.012939453125,-0.035400390625
16,24,0.734375,0.041015625,0.80859375,0.026123046875,0.693359375,0.782470703125,0.089111328125
16,25,0.1455078125,0.052001953125,0.201171875,0.080078125,0.093505859375,0.12109375,0.027587890625
16,26,0.162109375,0.0078125,0.1572265625,0.00927734375,0.154296875,0.14794921875,-0.00634765625
16,27,0.7890625,0.053955078125,0.76171875,0.0556640625,0.735107421875,0.7060546875,-0.029052734375
17,0,0.4375,0.0128173828125,0.359375,0.008544921875,0.4246826171875,0.350830078125,-0.0738525390625
17,1,0.15625,0.1591796875,0.1826171875,0.212890625,-0.0029296875,-0.0302734375,-0.02734375
17,2,0.4765625,0.0169677734375,0.451171875,0.0211181640625,0.4595947265625,0.4300537109375,-0.029541015625
17,3,0.05029296875,0.0087890625,0.056884765625,0.0244140625,0.04150390625,0.032470703125,-0.009033203125
17,4,0.365234375,0.01123046875,0.55859375,0.018798828125,0.35400390625,0.539794921875,0.185791015625
17,5,0.318359375,0.044677734375,0.294921875,0.06103515625,0.273681640625,0.23388671875,-0.039794921875
17,6,0.88671875,0.0113525390625,0.921875,0.006195068359375,0.8753662109375,0.915679931640625,0.040313720703125
17,7,0.9140625,0.01116943359375,0.87109375,0.0147705078125,0.90289306640625,0.8563232421875,-0.04656982421875
17,8,0.8046875,0.04541015625,0.8203125,0.027099609375,0.75927734375,0.793212890625,0.033935546875
17,9,0.23046875,0.00726318359375,0.19140625,0.0111083984375,0.22320556640625,0.1802978515625,-0.04290771484375
17,10,0.984375,0.00116729736328125,0.98828125,0.00122833251953125,0.9832077026367188,0.9870529174804688,0.00384521484375
17,11,0.09228515625,0.023193359375,0.06591796875,0.025146484375,0.069091796875,0.040771484375,-0.0283203125
17,12,0.73828125,0.05224609375,0.7109375,0.05615234375,0.68603515625,0.65478515625,-0.03125
17,13,0.396484375,0.028076171875,0.58984375,0.030029296875,0.368408203125,0.559814453125,0.19140625
17,14,0.984375,0.004913330078125,0.97265625,0.003173828125,0.979461669921875,0.969482421875,-0.009979248046875
17,15,0.875,0.00634765625,0.9140625,0.0030670166015625,0.86865234375,0.9109954833984375,0.0423431396484375
17,16,0.5859375,0.06396484375,0.5234375,0.0654296875,0.52197265625,0.4580078125,-0.06396484375
17,17,0.75,0.04833984375,0.81640625,0.03515625,0.70166015625,0.78125,0.07958984375
17,18,0.96484375,0.022216796875,0.953125,0.0174560546875,0.942626953125,0.9356689453125,-0.0069580078125
17,19,0.97265625,0.00146484375,0.97265625,0.0011444091796875,0.97119140625,0.9715118408203125,0.0003204345703125
17,20,0.94921875,0.004974365234375,0.95703125,0.005340576171875,0.944244384765625,0.951690673828125,0.0074462890625
17,21,0.265625,0.07275390625,0.244140625,0.091796875,0.19287109375,0.15234375,-0.04052734375
17,22,0.484375,0.1484375,0.6171875,0.052490234375,0.3359375,0.564697265625,0.228759765625
17,23,0.3125,0.1357421875,0.357421875,0.12060546875,0.1767578125,0.23681640625,0.06005859375
17,24,0.69140625,0.03466796875,0.6484375,0.087890625,0.65673828125,0.560546875,-0.09619140625
17,25,0.62109375,0.08642578125,0.7109375,0.0279541015625,0.53466796875,0.6829833984375,0.1483154296875
17,26,0.5859375,0.26171875,0.828125,0.03125,0.32421875,0.796875,0.47265625
17,27,0.486328125,0.05419921875,0.447265625,0.052978515625,0.43212890625,0.394287109375,-0.037841796875
18,0,0.1806640625,0.00494384765625,0.1728515625,0.01556396484375,0.17572021484375,0.15728759765625,-0.0184326171875
18,1,0.2109375,0.07763671875,0.251953125,0.05517578125,0.13330078125,0.19677734375,0.0634765625
18,2,0.134765625,0.0341796875,0.15234375,0.03759765625,0.1005859375,0.11474609375,0.01416015625
18,3,0.318359375,0.011962890625,0.376953125,0.0155029296875,0.306396484375,0.3614501953125,0.0550537109375
18,4,0.3984375,0.10693359375,0.373046875,0.169921875,0.29150390625,0.203125,-0.08837890625
18,5,0.34375,0.2373046875,0.375,0.21484375,0.1064453125,0.16015625,0.0537109375
18,6,0.57421875,0.052734375,0.54296875,0.055419921875,0.521484375,0.487548828125,-0.033935546875
18,7,1.3709068298339844e-06,3.9301812648773193e-07,2.2649765014648438e-06,1.5925616025924683e-07,9.778887033462524e-07,2.105720341205597e-06,1.1278316378593445e-06
18,8,0.11767578125,0.1298828125,0.1474609375,0.1171875,-0.01220703125,0.0302734375,0.04248046875
18,9,0.06787109375,0.1484375,0.0986328125,0.111328125,-0.08056640625,-0.0126953125,0.06787109375
18,10,0.67578125,0.103515625,0.75390625,0.0732421875,0.572265625,0.6806640625,0.1083984375
18,11,0.333984375,0.1103515625,0.51953125,0.07373046875,0.2236328125,0.44580078125,0.22216796875
18,12,0.69140625,0.07861328125,0.71484375,0.06005859375,0.61279296875,0.65478515625,0.0419921875
18,13,0.279296875,0.2734375,0.2197265625,0.27734375,0.005859375,-0.0576171875,-0.0634765625
18,14,0.216796875,0.44921875,0.345703125,0.306640625,-0.232421875,0.0390625,0.271484375
18,15,0.51171875,0.17578125,0.1904296875,0.279296875,0.3359375,-0.0888671875,-0.4248046875
18,16,0.8046875,0.04931640625,0.7890625,0.03369140625,0.75537109375,0.75537109375,0.0
18,17,0.396484375,0.0027618408203125,0.33984375,0.004974365234375,0.3937225341796875,0.334869384765625,-0.0588531494140625
18,18,0.458984375,0.1572265625,0.458984375,0.130859375,0.3017578125,0.328125,0.0263671875
18,19,0.45703125,0.232421875,0.498046875,0.158203125,0.224609375,0.33984375,0.115234375
18,20,0.34765625,0.1572265625,0.3671875,0.1357421875,0.1904296875,0.2314453125,0.041015625
18,21,0.1298828125,0.15625,0.11376953125,0.14453125,-0.0263671875,-0.03076171875,-0.00439453125
18,22,0.271484375,0.2099609375,0.345703125,0.18359375,0.0615234375,0.162109375,0.1005859375
18,23,0.83984375,0.031494140625,0.875,0.021728515625,0.808349609375,0.853271484375,0.044921875
18,24,0.6796875,0.09521484375,0.734375,0.09375,0.58447265625,0.640625,0.05615234375
18,25,0.1337890625,0.0235595703125,0.11181640625,0.028564453125,0.1102294921875,0.083251953125,-0.0269775390625
18,26,0.625,0.130859375,0.60546875,0.1376953125,0.494140625,0.4677734375,-0.0263671875
18,27,0.2890625,0.076171875,0.265625,0.08642578125,0.212890625,0.17919921875,-0.03369140625
19,0,4.1443854570388794e-08,8.288770914077759e-08,3.0547380447387695e-07,8.717179298400879e-07,-4.1443854570388794e-08,-5.662441253662109e-07,-5.248002707958221e-07
19,1,0.484375,0.052490234375,0.453125,0.0341796875,0.431884765625,0.4189453125,-0.012939453125
19,2,0.130859375,0.08251953125,0.1240234375,0.05615234375,0.04833984375,0.06787109375,0.01953125
19,3,0.82421875,0.0673828125,0.875,0.04443359375,0.7568359375,0.83056640625,0.07373046875
19,4,0.033447265625,0.025390625,0.023193359375,0.01806640625,0.008056640625,0.005126953125,-0.0029296875
19,5,0.8125,0.0634765625,0.765625,0.06640625,0.7490234375,0.69921875,-0.0498046875
19,6,0.07275390625,0.142578125,0.08984375,0.146484375,-0.06982421875,-0.056640625,0.01318359375
19,7,0.25390625,0.0869140625,0.3203125,0.111328125,0.1669921875,0.208984375,0.0419921875
19,8,0.1796875,0.007598876953125,0.205078125,0.011474609375,0.172088623046875,0.193603515625,0.021514892578125
19,9,0.30859375,0.00701904296875,0.26171875,0.0115966796875,0.30157470703125,0.2501220703125,-0.05145263671875
19,10,0.6171875,0.01556396484375,0.703125,0.01373291015625,0.60162353515625,0.68939208984375,0.0877685546875
19,11,0.25390625,0.0294189453125,0.2412109375,0.037109375,0.2244873046875,0.2041015625,-0.0203857421875
19,12,0.2119140625,0.0240478515625,0.2138671875,0.0277099609375,0.1878662109375,0.1861572265625,-0.001708984375
19,13,0.091796875,0.001068115234375,0.09912109375,0.004150390625,0.090728759765625,0.094970703125,0.004241943359375
19,14,0.68359375,0.11328125,0.73828125,0.0458984375,0.5703125,0.6923828125,0.1220703125
19,15,0.88671875,0.0091552734375,0.953125,0.0086669921875,0.8775634765625,0.9444580078125,0.06689453125
19,16,0.53515625,0.09716796875,0.53125,0.134765625,0.43798828125,0.396484375,-0.04150390625
19,17,0.5859375,0.1494140625,0.515625,0.1982421875,0.4365234375,0.3173828125,-0.119140625
19,18,0.90625,0.0439453125,0.9140625,0.040771484375,0.8623046875,0.873291015625,0.010986328125
19,19,0.515625,0.1767578125,0.59765625,0.2021484375,0.3388671875,0.3955078125,0.056640625
19,20,0.3359375,0.018310546875,0.43359375,0.0849609375,0.317626953125,0.3486328125,0.031005859375
19,21,0.53515625,0.1962890625,0.58203125,0.1474609375,0.3388671875,0.4345703125,0.095703125
19,22,0.443359375,0.1181640625,0.349609375,0.19921875,0.3251953125,0.150390625,-0.1748046875
19,23,0.36328125,0.1259765625,0.283203125,0.1845703125,0.2373046875,0.0986328125,-0.138671875
19,24,0.6875,0.15234375,0.7109375,0.099609375,0.53515625,0.611328125,0.076171875
19,25,0.69140625,0.03369140625,0.69921875,0.05224609375,0.65771484375,0.64697265625,-0.0107421875
19,26,0.39453125,0.2001953125,0.419921875,0.1533203125,0.1943359375,0.2666015625,0.072265625
19,27,0.8046875,0.02685546875,0.875,0.0181884765625,0.77783203125,0.8568115234375,0.0789794921875
20,0,0.796875,0.023193359375,0.83203125,0.0220947265625,0.773681640625,0.8099365234375,0.0362548828125
20,1,0.23828125,0.01611328125,0.267578125,0.026611328125,0.22216796875,0.240966796875,0.018798828125
20,2,0.2041015625,0.036376953125,0.08984375,0.03369140625,0.167724609375,0.05615234375,-0.111572265625
20,3,0.353515625,0.1513671875,0.375,0.125,0.2021484375,0.25,0.0478515625
20,4,0.419921875,0.1376953125,0.35546875,0.126953125,0.2822265625,0.228515625,-0.0537109375
20,5,0.1630859375,0.033447265625,0.1875,0.051025390625,0.129638671875,0.136474609375,0.0068359375
20,6,0.1748046875,0.076171875,0.138671875,0.06591796875,0.0986328125,0.07275390625,-0.02587890625
20,7,0.40625,0.0155029296875,0.28125,0.014404296875,0.3907470703125,0.266845703125,-0.1239013671875
20,8,0.61328125,0.087890625,0.734375,0.0888671875,0.525390625,0.6455078125,0.1201171875
20,9,0.9296875,0.01043701171875,0.93359375,0.008056640625,0.91925048828125,0.925537109375,0.00628662109375
20,10,0.412109375,0.06689453125,0.4375,0.0458984375,0.34521484375,0.3916015625,0.04638671875
20,11,0.95703125,0.006866455078125,0.92578125,0.00823974609375,0.950164794921875,0.91754150390625,-0.032623291015625
20,12,0.96875,0.0069580078125,0.9609375,0.0093994140625,0.9617919921875,0.9515380859375,-0.01025390625
20,13,0.6015625,0.037841796875,0.43359375,0.0439453125,0.563720703125,0.3896484375,-0.174072265625
20,14,0.57421875,0.07177734375,0.55859375,0.0673828125,0.50244140625,0.4912109375,-0.01123046875
20,15,0.75,0.1083984375,0.7109375,0.1611328125,0.6416015625,0.5498046875,-0.091796875
20,16,0.53125,0.1142578125,0.443359375,0.1875,0.4169921875,0.255859375,-0.1611328125
20,17,0.64453125,0.1357421875,0.62890625,0.1611328125,0.5087890625,0.4677734375,-0.041015625
20,18,0.69140625,0.04931640625,0.83203125,0.041015625,0.64208984375,0.791015625,0.14892578125
20,19,0.7890625,0.099609375,0.75390625,0.07470703125,0.689453125,0.67919921875,-0.01025390625
20,20,0.6953125,0.04150390625,0.75,0.0546875,0.65380859375,0.6953125,0.04150390625
20,21,0.3359375,0.08544921875,0.404296875,0.126953125,0.25048828125,0.27734375,0.02685546875
20,22,0.51953125,0.10546875,0.3828125,0.14453125,0.4140625,0.23828125,-0.17578125
20,23,0.69140625,0.0703125,0.734375,0.07958984375,0.62109375,0.65478515625,0.03369140625
20,24,0.69140625,0.1044921875,0.73046875,0.0673828125,0.5869140625,0.6630859375,0.076171875
20,25,0.55859375,0.0751953125,0.4765625,0.04541015625,0.4833984375,0.43115234375,-0.05224609375
20,26,0.92578125,0.021484375,0.95703125,0.017333984375,0.904296875,0.939697265625,0.035400390625
20,27,0.330078125,0.228515625,0.359375,0.328125,0.1015625,0.03125,-0.0703125
21,0,0.72265625,0.048095703125,0.68359375,0.056396484375,0.674560546875,0.627197265625,-0.04736328125
21,1,0.734375,0.0380859375,0.7578125,0.035888671875,0.6962890625,0.721923828125,0.025634765625
21,2,0.84375,0.02783203125,0.84765625,0.016357421875,0.81591796875,0.831298828125,0.015380859375
21,3,0.8828125,0.0147705078125,0.921875,0.009033203125,0.8680419921875,0.912841796875,0.0447998046875
21,4,0.53515625,0.049072265625,0.69140625,0.055419921875,0.486083984375,0.635986328125,0.14990234375
21,5,0.703125,0.02734375,0.7890625,0.0361328125,0.67578125,0.7529296875,0.0771484375
21,6,0.1357421875,0.1337890625,0.1357421875,0.10546875,0.001953125,0.0302734375,0.0283203125
21,7,0.80859375,0.034912109375,0.81640625,0.04443359375,0.773681640625,0.77197265625,-0.001708984375
21,8,0.60546875,0.216796875,0.58984375,0.2392578125,0.388671875,0.3505859375,-0.0380859375
21,9,0.1015625,0.0135498046875,0.0703125,0.01239013671875,0.0880126953125,0.05792236328125,-0.03009033203125
21,10,0.29296875,0.035888671875,0.34375,0.0281982421875,0.257080078125,0.3155517578125,0.0584716796875
21,11,0.59765625,0.05322265625,0.625,0.050537109375,0.54443359375,0.574462890625,0.030029296875
21,12,0.1328125,0.1376953125,0.13671875,0.1220703125,-0.0048828125,0.0146484375,0.01953125
21,13,0.8203125,0.041748046875,0.77734375,0.06640625,0.778564453125,0.7109375,-0.067626953125
21,14,0.5625,0.14453125,0.57421875,0.1689453125,0.41796875,0.4052734375,-0.0126953125
21,15,0.103515625,3.6954879760742188e-06,0.09716796875,0.0001773834228515625,0.10351192951202393,0.09699058532714844,-0.006521344184875488
21,16,0.212890625,0.0024566650390625,0.1865234375,0.0042724609375,0.2104339599609375,0.1822509765625,-0.0281829833984375
21,17,0.46875,0.060791015625,0.4453125,0.0673828125,0.407958984375,0.3779296875,-0.030029296875
21,18,0.56640625,0.04443359375,0.439453125,0.02978515625,0.52197265625,0.40966796875,-0.1123046875
21,19,0.1943359375,0.1689453125,0.1865234375,0.12890625,0.025390625,0.0576171875,0.0322265625
21,20,0.6328125,0.025146484375,0.55859375,0.0247802734375,0.607666015625,0.5338134765625,-0.0738525390625
21,21,0.361328125,0.0712890625,0.3828125,0.059814453125,0.2900390625,0.322998046875,0.032958984375
21,22,0.578125,0.1162109375,0.7109375,0.068359375,0.4619140625,0.642578125,0.1806640625
21,23,0.162109375,0.05224609375,0.123046875,0.06494140625,0.10986328125,0.05810546875,-0.0517578125
21,24,0.734375,0.07958984375,0.80859375,0.06396484375,0.65478515625,0.74462890625,0.08984375
21,25,0.6796875,0.083984375,0.69140625,0.115234375,0.595703125,0.576171875,-0.01953125
21,26,0.859375,0.0198974609375,0.83984375,0.0224609375,0.8394775390625,0.8173828125,-0.0220947265625
21,27,0.91015625,0.02685546875,0.87890625,0.047607421875,0.88330078125,0.831298828125,-0.052001953125
22,0,0.640625,0.00927734375,0.62109375,0.01239013671875,0.63134765625,0.60870361328125,-0.02264404296875
22,1,0.85546875,0.04736328125,0.83203125,0.07421875,0.80810546875,0.7578125,-0.05029296875
22,2,0.85546875,0.0208740234375,0.7421875,0.025390625,0.8345947265625,0.716796875,-0.1177978515625
22,3,0.96484375,0.00250244140625,0.9609375,0.002960205078125,0.96234130859375,0.957977294921875,-0.004364013671875
22,4,0.9921875,0.00159454345703125,0.9921875,0.0013580322265625,0.9905929565429688,0.9908294677734375,0.00023651123046875
22,5,0.953125,0.0023193359375,0.96875,0.0019378662109375,0.9508056640625,0.9668121337890625,0.0160064697265625
22,6,0.99609375,3.0159950256347656e-05,0.99609375,3.075599670410156e-05,0.9960635900497437,0.9960629940032959,-5.960464477539062e-07
22,7,0.70703125,0.1669921875,0.72265625,0.17578125,0.5400390625,0.546875,0.0068359375
22,8,0.7734375,0.119140625,0.76171875,0.11328125,0.654296875,0.6484375,-0.005859375
22,9,0.3125,0.10546875,0.361328125,0.1064453125,0.20703125,0.2548828125,0.0478515625
22,10,0.1767578125,0.01519775390625,0.11865234375,0.0089111328125,0.16156005859375,0.1097412109375,-0.05181884765625
22,11,0.310546875,0.06005859375,0.291015625,0.05859375,0.25048828125,0.232421875,-0.01806640625
22,12,0.6796875,0.076171875,0.69140625,0.0849609375,0.603515625,0.6064453125,0.0029296875
22,13,0.796875,0.0732421875,0.78125,0.0888671875,0.7236328125,0.6923828125,-0.03125
22,14,0.4609375,0.232421875,0.404296875,0.201171875,0.228515625,0.203125,-0.025390625
22,15,0.46875,0.052978515625,0.66015625,0.052734375,0.415771484375,0.607421875,0.191650390625
22,16,0.91796875,0.0086669921875,0.89453125,0.0106201171875,0.9093017578125,0.8839111328125,-0.025390625
22,17,0.50390625,0.1865234375,0.51953125,0.1806640625,0.3173828125,0.3388671875,0.021484375
22,18,0.1591796875,0.318359375,0.1640625,0.3203125,-0.1591796875,-0.15625,0.0029296875
22,19,0.6796875,0.076171875,0.53125,0.1044921875,0.603515625,0.4267578125,-0.1767578125
22,20,0.80078125,0.012939453125,0.75390625,0.015625,0.787841796875,0.73828125,-0.049560546875
22,21,0.94140625,0.013427734375,0.91015625,0.0234375,0.927978515625,0.88671875,-0.041259765625
22,22,0.99609375,0.001373291015625,0.9921875,0.0027923583984375,0.994720458984375,0.9893951416015625,-0.0053253173828125
22,23,0.322265625,0.1513671875,0.234375,0.22265625,0.1708984375,0.01171875,-0.1591796875
22,24,0.5625,0.150390625,0.515625,0.259765625,0.412109375,0.255859375,-0.15625
22,25,0.77734375,0.03369140625,0.77734375,0.06396484375,0.74365234375,0.71337890625,-0.0302734375
22,26,0.515625,0.1259765625,0.466796875,0.1865234375,0.3896484375,0.2802734375,-0.109375
22,27,0.55859375,0.2734375,0.41796875,0.3828125,0.28515625,0.03515625,-0.25
23,0,0.380859375,0.09375,0.423828125,0.11376953125,0.287109375,0.31005859375,0.02294921875
23,1,0.47265625,0.1181640625,0.40234375,0.15625,0.3544921875,0.24609375,-0.1083984375
23,2,0.427734375,0.099609375,0.41015625,0.1044921875,0.328125,0.3056640625,-0.0224609375
23,3,0.921875,0.0186767578125,0.92578125,0.0230712890625,0.9031982421875,0.9027099609375,-0.00048828125
23,4,0.98828125,0.001983642578125,0.98828125,0.0020751953125,0.986297607421875,0.9862060546875,-9.1552734375e-05
23,5,0.71484375,0.0634765625,0.7421875,0.0625,0.6513671875,0.6796875,0.0283203125
23,6,0.8359375,0.0306396484375,0.8125,0.040283203125,0.8052978515625,0.772216796875,-0.0330810546875
23,7,0.30859375,0.002532958984375,0.314453125,0.0035247802734375,0.306060791015625,0.3109283447265625,0.0048675537109375
23,8,0.640625,0.007568359375,0.59375,0.011474609375,0.633056640625,0.582275390625,-0.05078125
23,9,0.94921875,0.0048828125,0.9140625,0.0115966796875,0.9443359375,0.9024658203125,-0.0418701171875
23,10,0.64453125,0.000652313232421875,0.71875,0.0019683837890625,0.6438789367675781,0.7167816162109375,0.07290267944335938
23,11,0.75,0.04052734375,0.7265625,0.08984375,0.70947265625,0.63671875,-0.07275390625
23,12,0.8828125,0.01025390625,0.8515625,0.0152587890625,0.87255859375,0.8363037109375,-0.0362548828125
23,13,0.91796875,0.01226806640625,0.91015625,0.0093994140625,0.90570068359375,0.9007568359375,-0.00494384765625
23,14,0.95703125,0.0033111572265625,0.9375,0.003936767578125,0.9537200927734375,0.933563232421875,-0.0201568603515625
23,15,0.90234375,0.00408935546875,0.89453125,0.004913330078125,0.89825439453125,0.889617919921875,-0.008636474609375
23,16,0.86328125,0.0067138671875,0.8359375,0.0084228515625,0.8565673828125,0.8275146484375,-0.029052734375
23,17,0.984375,0.002227783203125,0.984375,0.0023193359375,0.982147216796875,0.9820556640625,-9.1552734375e-05
23,18,0.96875,0.002410888671875,0.9296875,0.00299072265625,0.966339111328125,0.92669677734375,-0.039642333984375
23,19,0.94921875,0.00286865234375,0.92578125,0.0042724609375,0.94635009765625,0.9215087890625,-0.02484130859375
23,20,0.65234375,0.02392578125,0.609375,0.0283203125,0.62841796875,0.5810546875,-0.04736328125
23,21,0.3046875,0.06591796875,0.263671875,0.05419921875,0.23876953125,0.20947265625,-0.029296875
23,22,0.4140625,0.0712890625,0.451171875,0.08056640625,0.3427734375,0.37060546875,0.02783203125
23,23,0.7421875,0.0634765625,0.765625,0.049072265625,0.6787109375,0.716552734375,0.037841796875
23,24,0.39453125,0.017822265625,0.28125,0.017333984375,0.376708984375,0.263916015625,-0.11279296875
23,25,0.73828125,0.0137939453125,0.71875,0.017578125,0.7244873046875,0.701171875,-0.0233154296875
23,26,0.06591796875,0.057373046875,0.05224609375,0.052978515625,0.008544921875,-0.000732421875,-0.00927734375
23,27,0.30859375,0.0038604736328125,0.263671875,0.006134033203125,0.3047332763671875,0.257537841796875,-0.0471954345703125
24,0,0.63671875,0.033203125,0.546875,0.037353515625,0.603515625,0.509521484375,-0.093994140625
24,1,0.734375,4.1484832763671875e-05,0.75390625,0.000476837158203125,0.7343335151672363,0.7534294128417969,0.019095897674560547
24,2,0.59375,0.011474609375,0.62109375,0.01409912109375,0.582275390625,0.60699462890625,0.02471923828125
24,3,0.166015625,0.000278472900390625,0.228515625,0.0005645751953125,0.16573715209960938,0.2279510498046875,0.062213897705078125
24,4,0.47265625,0.014892578125,0.51953125,0.020263671875,0.457763671875,0.499267578125,0.04150390625
24,5,0.1357421875,0.00799560546875,0.0888671875,0.00567626953125,0.12774658203125,0.08319091796875,-0.0445556640625
24,6,0.65625,0.01953125,0.70703125,0.02197265625,0.63671875,0.68505859375,0.04833984375
24,7,0.99609375,0.00058746337890625,1.0,0.000507354736328125,0.9955062866210938,0.9994926452636719,0.003986358642578125
24,8,0.90234375,0.0135498046875,0.92578125,0.010986328125,0.8887939453125,0.914794921875,0.0260009765625
24,9,0.9453125,0.0059814453125,0.94140625,0.0054931640625,0.9393310546875,0.9359130859375,-0.00341796875
24,10,0.93359375,0.0032501220703125,0.9296875,0.003570556640625,0.9303436279296875,0.926116943359375,-0.0042266845703125
24,11,0.96484375,0.006103515625,0.96484375,0.0062255859375,0.958740234375,0.9586181640625,-0.0001220703125
24,12,0.7890625,0.003753662109375,0.828125,0.0034332275390625,0.785308837890625,0.8246917724609375,0.0393829345703125
24,13,0.96875,0.007049560546875,0.9765625,0.00604248046875,0.961700439453125,0.97052001953125,0.008819580078125
24,14,0.6015625,0.1298828125,0.671875,0.1162109375,0.4716796875,0.5556640625,0.083984375
24,15,0.73046875,0.078125,0.703125,0.07421875,0.65234375,0.62890625,-0.0234375
24,16,0.361328125,0.1796875,0.458984375,0.1494140625,0.181640625,0.3095703125,0.1279296875
24,17,0.41796875,0.0791015625,0.431640625,0.1015625,0.3388671875,0.330078125,-0.0087890625
24,18,0.60546875,0.0751953125,0.50390625,0.1708984375,0.5302734375,0.3330078125,-0.197265625
24,19,0.35546875,0.1806640625,0.447265625,0.173828125,0.1748046875,0.2734375,0.0986328125
24,20,0.58203125,0.033447265625,0.6015625,0.04736328125,0.548583984375,0.55419921875,0.005615234375
24,21,0.828125,0.0703125,0.73828125,0.16796875,0.7578125,0.5703125,-0.1875
24,22,0.9609375,0.00970458984375,0.9453125,0.01416015625,0.95123291015625,0.93115234375,-0.02008056640625
24,23,0.546875,0.036865234375,0.640625,0.03857421875,0.510009765625,0.60205078125,0.092041015625
24,24,0.64453125,0.11376953125,0.62890625,0.12890625,0.53076171875,0.5,-0.03076171875
24,25,0.91796875,0.021484375,0.9140625,0.0286865234375,0.896484375,0.8853759765625,-0.0111083984375
24,26,0.76953125,0.0390625,0.75,0.0634765625,0.73046875,0.6865234375,-0.0439453125
24,27,0.6171875,0.1875,0.5859375,0.259765625,0.4296875,0.326171875,-0.103515625
25,0,0.63671875,0.0390625,0.5625,0.04638671875,0.59765625,0.51611328125,-0.08154296875
25,1,0.275390625,0.09228515625,0.322265625,0.08251953125,0.18310546875,0.23974609375,0.056640625
25,2,0.263671875,0.0076904296875,0.267578125,0.0189208984375,0.2559814453125,0.2486572265625,-0.00732421875
25,3,0.46484375,0.0279541015625,0.375,0.04052734375,0.4368896484375,0.33447265625,-0.1024169921875
25,4,0.2431640625,0.0294189453125,0.15234375,0.04345703125,0.2137451171875,0.10888671875,-0.1048583984375
25,5,0.72265625,0.0517578125,0.6796875,0.05810546875,0.6708984375,0.62158203125,-0.04931640625
25,6,0.1162109375,0.037841796875,0.142578125,0.054931640625,0.078369140625,0.087646484375,0.00927734375
25,7,0.7890625,0.1162109375,0.76953125,0.1455078125,0.6728515625,0.6240234375,-0.048828125
25,8,0.89453125,0.006317138671875,0.87890625,0.011474609375,0.888214111328125,0.867431640625,-0.020782470703125
25,9,0.73046875,0.005157470703125,0.80859375,0.00714111328125,0.725311279296875,0.80145263671875,0.076141357421875
25,10,0.515625,0.02001953125,0.5234375,0.0291748046875,0.49560546875,0.4942626953125,-0.0013427734375
25,11,0.81640625,0.15234375,0.74609375,0.22265625,0.6640625,0.5234375,-0.140625
25,12,0.84765625,0.0079345703125,0.8671875,0.00933837890625,0.8397216796875,0.85784912109375,0.01812744140625
25,13,0.875,0.0220947265625,0.8046875,0.03515625,0.8529052734375,0.76953125,-0.0833740234375
25,14,0.7734375,0.00238037109375,0.82421875,0.00555419921875,0.77105712890625,0.81866455078125,0.047607421875
25,15,0.75390625,0.134765625,0.71484375,0.162109375,0.619140625,0.552734375,-0.06640625
25,16,0.2099609375,0.267578125,0.1806640625,0.2490234375,-0.0576171875,-0.068359375,-0.0107421875
25,17,0.333984375,0.033203125,0.322265625,0.041015625,0.30078125,0.28125,-0.01953125
25,18,0.043701171875,0.0228271484375,0.054443359375,0.03955078125,0.0208740234375,0.014892578125,-0.0059814453125
25,19,0.1962890625,0.0341796875,0.2353515625,0.046630859375,0.162109375,0.188720703125,0.026611328125
25,20,0.4296875,0.020751953125,0.2890625,0.026611328125,0.408935546875,0.262451171875,-0.146484375
25,21,0.87890625,0.007781982421875,0.88671875,0.00872802734375,0.871124267578125,0.87799072265625,0.006866455078125
25,22,0.74609375,0.060791015625,0.7265625,0.064453125,0.685302734375,0.662109375,-0.023193359375
25,23,0.875,0.0439453125,0.8359375,0.06591796875,0.8310546875,0.77001953125,-0.06103515625
25,24,0.30859375,0.11279296875,0.25390625,0.111328125,0.19580078125,0.142578125,-0.05322265625
25,25,0.66015625,0.06005859375,0.64453125,0.1298828125,0.60009765625,0.5146484375,-0.08544921875
25,26,0.6328125,0.026611328125,0.53125,0.048828125,0.606201171875,0.482421875,-0.123779296875
25,27,0.8046875,0.0028533935546875,0.69921875,0.00341796875,0.8018341064453125,0.69580078125,-0.1060333251953125
26,0,0.74609375,0.11474609375,0.7578125,0.130859375,0.63134765625,0.626953125,-0.00439453125
26,1,0.93359375,0.0286865234375,0.93359375,0.03271484375,0.9049072265625,0.90087890625,-0.0040283203125
26,2,0.83203125,0.125,0.77734375,0.1806640625,0.70703125,0.5966796875,-0.1103515625
26,3,0.90234375,0.01318359375,0.90625,0.01904296875,0.88916015625,0.88720703125,-0.001953125
26,4,0.91015625,0.003204345703125,0.921875,0.003204345703125,0.906951904296875,0.918670654296875,0.01171875
26,5,0.9609375,0.0008544921875,0.96484375,0.001312255859375,0.9600830078125,0.963531494140625,0.003448486328125
26,6,0.828125,0.00665283203125,0.87109375,0.00714111328125,0.82147216796875,0.86395263671875,0.04248046875
26,7,0.9921875,0.002105712890625,0.9921875,0.001708984375,0.990081787109375,0.990478515625,0.000396728515625
26,8,0.73828125,1.5944242477416992e-06,0.73828125,2.47955322265625e-05,0.7382796555757523,0.7382564544677734,-2.32011079788208e-05
26,9,0.953125,0.001861572265625,0.953125,0.0018310546875,0.951263427734375,0.9512939453125,3.0517578125e-05
26,10,0.5859375,0.00537109375,0.625,0.0050048828125,0.58056640625,0.6199951171875,0.0394287109375
26,11,0.7734375,3.11434268951416e-06,0.79296875,1.621246337890625e-05,0.7734343856573105,0.7929525375366211,0.019518151879310608
26,12,0.98828125,0.002166748046875,0.98828125,0.00201416015625,0.986114501953125,0.98626708984375,0.000152587890625
26,13,0.98828125,0.001190185546875,0.9921875,0.001007080078125,0.987091064453125,0.991180419921875,0.00408935546875
26,14,0.84375,0.04736328125,0.7890625,0.08984375,0.79638671875,0.69921875,-0.09716796875
26,15,0.86328125,0.044189453125,0.8515625,0.060791015625,0.819091796875,0.790771484375,-0.0283203125
26,16,0.73828125,0.054931640625,0.7109375,0.0849609375,0.683349609375,0.6259765625,-0.057373046875
26,17,0.8046875,0.0185546875,0.7890625,0.026611328125,0.7861328125,0.762451171875,-0.023681640625
26,18,0.88671875,0.0101318359375,0.88671875,0.0150146484375,0.8765869140625,0.8717041015625,-0.0048828125
26,19,0.68359375,0.012939453125,0.76171875,0.016357421875,0.670654296875,0.745361328125,0.07470703125
26,20,0.765625,0.007781982421875,0.6953125,0.01031494140625,0.757843017578125,0.68499755859375,-0.072845458984375
26,21,0.46484375,0.051513671875,0.490234375,0.1044921875,0.413330078125,0.3857421875,-0.027587890625
26,22,0.07666015625,0.025390625,0.05908203125,0.036865234375,0.05126953125,0.022216796875,-0.029052734375
26,23,0.130859375,0.1220703125,0.080078125,0.099609375,0.0087890625,-0.01953125,-0.0283203125
26,24,0.37890625,0.087890625,0.3515625,0.1015625,0.291015625,0.25,-0.041015625
26,25,0.224609375,0.05615234375,0.1435546875,0.1005859375,0.16845703125,0.04296875,-0.12548828125
26,26,0.03125,0.0252685546875,0.0264892578125,0.030029296875,0.0059814453125,-0.0035400390625,-0.009521484375
26,27,0.60546875,0.010986328125,0.60546875,0.018310546875,0.594482421875,0.587158203125,-0.00732421875
27,0,0.6796875,0.049072265625,0.6796875,0.0625,0.630615234375,0.6171875,-0.013427734375
27,1,0.87890625,0.02783203125,0.87890625,0.0361328125,0.85107421875,0.8427734375,-0.00830078125
27,2,0.78125,0.04736328125,0.7578125,0.0625,0.73388671875,0.6953125,-0.03857421875
27,3,0.90234375,0.022216796875,0.8984375,0.02685546875,0.880126953125,0.87158203125,-0.008544921875
27,4,0.90625,0.0283203125,0.8828125,0.0419921875,0.8779296875,0.8408203125,-0.037109375
27,5,0.51953125,0.166015625,0.55078125,0.2119140625,0.353515625,0.3388671875,-0.0146484375
27,6,0.87890625,0.01904296875,0.8515625,0.027587890625,0.85986328125,0.823974609375,-0.035888671875
27,7,1.103617250919342e-07,0.0006561279296875,6.780028343200684e-07,0.02978515625,-0.0006560175679624081,-0.02978447824716568,-0.029128460679203272
27,8,0.00193023681640625,0.2109375,0.00189208984375,0.076171875,-0.20900726318359375,-0.07427978515625,0.13472747802734375
27,9,0.000949859619140625,0.1708984375,0.000621795654296875,0.1640625,-0.16994857788085938,-0.16344070434570312,0.00650787353515625
27,10,8.00693818799327e-29,1.601387637598654e-28,0.0,3.202775275197308e-28,-8.00693818799327e-29,-3.202775275197308e-28,-2.402081456397981e-28
27,11,1.1920928955078125e-06,0.006134033203125,7.972121238708496e-07,0.02001953125,-0.006132841110229492,-0.02001873403787613,-0.013885892927646637
27,12,1.4227506535912076e-21,2.531308496145357e-14,1.2656542480726785e-14,2.253800630569458e-07,-2.5313083538702916e-14,-2.2538005040040332e-07,-2.253800250873198e-07
27,13,1.601387637598654e-28,2.531308496145357e-14,1.601387637598654e-28,2.531308496145357e-14,-2.5313084961453408e-14,-2.5313084961453408e-14,0.0
27,14,0.77734375,0.01318359375,0.83203125,0.0150146484375,0.76416015625,0.8170166015625,0.0528564453125
27,15,0.875,0.0303955078125,0.890625,0.03369140625,0.8446044921875,0.85693359375,0.0123291015625
27,16,0.73828125,0.11328125,0.75390625,0.1220703125,0.625,0.6318359375,0.0068359375
27,17,0.921875,0.0205078125,0.9140625,0.0244140625,0.9013671875,0.8896484375,-0.01171875
27,18,0.90234375,0.020263671875,0.90625,0.0244140625,0.882080078125,0.8818359375,-0.000244140625
27,19,0.67578125,0.08154296875,0.640625,0.1025390625,0.59423828125,0.5380859375,-0.05615234375
27,20,0.82421875,0.0205078125,0.859375,0.02294921875,0.8037109375,0.83642578125,0.03271484375
27,21,0.90234375,0.00579833984375,0.91015625,0.0086669921875,0.89654541015625,0.9014892578125,0.00494384765625
27,22,0.640625,0.021240234375,0.6640625,0.02587890625,0.619384765625,0.63818359375,0.018798828125
27,23,0.7265625,0.01165771484375,0.78515625,0.01446533203125,0.71490478515625,0.77069091796875,0.0557861328125
27,24,0.8671875,0.02685546875,0.828125,0.04345703125,0.84033203125,0.78466796875,-0.0556640625
27,25,0.54296875,0.0135498046875,0.478515625,0.017578125,0.5294189453125,0.4609375,-0.0684814453125
27,26,0.71484375,0.0262451171875,0.71484375,0.034423828125,0.6885986328125,0.680419921875,-0.0081787109375
27,27,0.91015625,0.0135498046875,0.8828125,0.0185546875,0.8966064453125,0.8642578125,-0.0323486328125
